player_id,player_name,standardized_name,all_teams,total_appearances,team1,team1_appearances,is_in_team1,team2,team2_appearances,is_in_team2,team3,team3_appearances,is_in_team3,is_retired
335,Ryan Giggs,Ryan Giggs,Manchester United,632,Manchester United,632,no,,0,no,,0,no,yes
915,Jamie Carragher,Jamie Carragher,Liverpool,508,Liverpool,508,no,,0,no,,0,no,yes
1575,Steven Gerrard,Steven Gerrard,Liverpool,504,Liverpool,504,no,,0,no,,0,no,yes
921,Phil Neville,Phil Neville,"Manchester United, Everton",504,Manchester United,262,no,Everton,242,no,,0,no,yes
336,Paul Scholes,Paul Scholes,Manchester United,499,Manchester United,499,no,,0,no,,0,no,yes
1353,John Terry,John Terry,Chelsea,492,Chelsea,492,no,,0,no,,0,no,yes
1717,John O'Shea,John O'Shea,"Manchester United, Sunderland",446,Manchester United,257,no,Sunderland,189,no,,0,no,yes
800,Frank Lampard,Frank Lampard,Chelsea,429,Chelsea,429,no,,0,no,,0,no,yes
4330,David de Gea,David de Gea,Manchester United,415,Manchester United,415,no,,0,no,,0,no,no
3014,Mark Noble,Mark Noble,West Ham United,414,West Ham United,414,no,,0,no,,0,no,yes
1230,Aaron Hughes,Aaron Hughes,"Newcastle United, Fulham",401,Newcastle United,205,no,Fulham,196,no,,0,no,yes
321,Gary Neville,Gary Neville,Manchester United,399,Manchester United,399,no,,0,no,,0,no,yes
3955,Kyle Walker,Kyle Walker,"Manchester City, Tottenham Hotspur",395,Manchester City,212,no,Tottenham Hotspur,183,no,,0,no,no
2064,Wayne Rooney,Wayne Rooney,Manchester United,393,Manchester United,393,no,,0,no,,0,no,yes
1342,Jussi Jääskeläinen,Jussi Jääskeläinen,Bolton Wanderers,379,Bolton Wanderers,379,no,,0,no,,0,no,yes
3600,Séamus Coleman,Séamus Coleman,Everton,372,Everton,372,no,,0,no,,0,no,no
1308,Gareth Barry,Gareth Barry,Aston Villa,365,Aston Villa,365,no,,0,no,,0,no,yes
4664,Hugo Lloris,Hugo Lloris,Tottenham Hotspur,361,Tottenham Hotspur,361,no,,0,no,,0,no,no
3712,Jordan Henderson,Jordan Henderson,Liverpool,360,Liverpool,360,no,,0,no,,0,no,no
2516,Tim Howard,Tim Howard,Everton,354,Everton,354,no,,0,no,,0,no,yes
851,Shay Given,Shay Given,Newcastle United,354,Newcastle United,354,no,,0,no,,0,no,yes
1887,Leon Osman,Leon Osman,Everton,352,Everton,352,no,,0,no,,0,no,yes
4496,César Azpilicueta,César Azpilicueta,Chelsea,349,Chelsea,349,no,,0,no,,0,no,no
3030,Leighton Baines,Leighton Baines,Everton,348,Everton,348,no,,0,no,,0,no,yes
4617,James Ward-Prowse,James Ward-Prowse,Southampton,343,Southampton,343,no,,0,no,,0,no,no
8979,Jamie Vardy,Jamie Vardy,Leicester City,342,Leicester City,342,no,,0,no,,0,no,no
4999,Heung-min Son,son heung-min,Tottenham Hotspur,333,Tottenham Hotspur,333,no,,0,no,,0,no,no
19,Ray Parlour,Ray Parlour,Arsenal,333,Arsenal,333,no,,0,no,,0,no,yes
2651,Petr Cech,Petr Cech,Chelsea,333,Chelsea,333,no,,0,no,,0,no,yes
1218,Mark Schwarzer,Mark Schwarzer,Middlesbrough,332,Middlesbrough,332,no,,0,no,,0,no,yes
528,Jason Dodd,Jason Dodd,Southampton,329,Southampton,329,no,,0,no,,0,no,yes
4640,Jordan Pickford,Jordan Pickford,Everton,327,Everton,327,no,,0,no,,0,no,no
407,Roy Keane,Roy Keane,Manchester United,326,Manchester United,326,no,,0,no,,0,no,yes
694,Gary Kelly,Gary Kelly,Leeds United,325,Leeds United,325,no,,0,no,,0,no,yes
1,David Seaman,David Seaman,Arsenal,325,Arsenal,325,no,,0,no,,0,no,yes
2622,Gabriel Agbonlahor,Gabriel Agbonlahor,Aston Villa,322,Aston Villa,322,no,,0,no,,0,no,yes
3222,Phil Jagielka,Phil Jagielka,Everton,322,Everton,322,no,,0,no,,0,no,yes
1710,Sami Hyypiä,Sami Hyypiä,Liverpool,318,Liverpool,318,no,,0,no,,0,no,yes
3960,Harry Kane,Harry Kane,Tottenham Hotspur,317,Tottenham Hotspur,317,no,,0,no,,0,no,no
3158,Ryan Shawcross,Ryan Shawcross,Stoke City,317,Stoke City,317,no,,0,no,,0,no,yes
1634,Michael Carrick,Michael Carrick,Manchester United,316,Manchester United,316,no,,0,no,,0,no,yes
1249,Kevin Davies,Kevin Davies,Bolton Wanderers,316,Bolton Wanderers,316,no,,0,no,,0,no,yes
991,Dennis Bergkamp,Dennis Bergkamp,Arsenal,315,Arsenal,315,no,,0,no,,0,no,yes
5178,Mohamed Salah,Mohamed Salah,Liverpool,313,Liverpool,313,no,,0,no,,0,no,no
1111,Rio Ferdinand,Rio Ferdinand,Manchester United,312,Manchester United,312,no,,0,no,,0,no,yes
8897,Aaron Cresswell,Aaron Cresswell,West Ham United,312,West Ham United,312,no,,0,no,,0,no,no
14,Martin Keown,Martin Keown,Arsenal,310,Arsenal,310,no,,0,no,,0,no,yes
4145,David Silva,David Silva,Manchester City,309,Manchester City,309,no,,0,no,,0,no,yes
3929,Joel Ward,Joel Ward,Crystal Palace,306,Crystal Palace,306,no,,0,no,,0,no,no
13,Lee Dixon,Lee Dixon,Arsenal,305,Arsenal,305,no,,0,no,,0,no,yes
89,Alan Shearer,Alan Shearer,Newcastle United,303,Newcastle United,303,no,,0,no,,0,no,yes
181,David Unsworth,David Unsworth,Everton,302,Everton,302,no,,0,no,,0,no,yes
5067,Bernardo Silva,Bernardo Silva,Manchester City,299,Manchester City,299,yes,,0,no,,0,no,no
566,Darren Anderton,Darren Anderton,Tottenham Hotspur,297,Tottenham Hotspur,297,no,,0,no,,0,no,yes
315,Denis Irwin,Denis Irwin,Manchester United,296,Manchester United,296,no,,0,no,,0,no,yes
8163,Lewis Dunk,Lewis Dunk,Brighton & Hove Albion,296,Brighton & Hove Albion,296,yes,,0,no,,0,no,no
1962,Shola Ameobi,Shola Ameobi,Newcastle United,295,Newcastle United,295,no,,0,no,,0,no,yes
4539,Wilfried Zaha,Wilfried Zaha,Crystal Palace,291,Crystal Palace,291,no,,0,no,,0,no,no
1246,Claus Lundekvam,Claus Lundekvam,Southampton,290,Southampton,290,no,,0,no,,0,no,yes
13565,Marcus Rashford,Marcus Rashford,Manchester United,287,Manchester United,287,no,,0,no,,0,no,no
4288,Kevin De Bruyne,Kevin De Bruyne,Manchester City,285,Manchester City,285,no,,0,no,,0,no,no
2911,Pepe Reina,Pepe Reina,Liverpool,285,Liverpool,285,no,,0,no,,0,no,yes
1132,Patrick Vieira,Patrick Vieira,Arsenal,279,Arsenal,279,no,,0,no,,0,no,yes
2299,Glenn Whelan,Glenn Whelan,Stoke City,276,Stoke City,276,no,,0,no,,0,no,yes
2508,Kasper Schmeichel,Kasper Schmeichel,Leicester City,276,Leicester City,276,no,,0,no,,0,no,no
1526,Jermain Defoe,Jermain Defoe,Tottenham Hotspur,276,Tottenham Hotspur,276,no,,0,no,,0,no,yes
12707,Ederson,Ederson,Manchester City,276,Manchester City,276,no,,0,no,,0,no,no
4328,Sergio Agüero,Sergio Agüero,Manchester City,275,Manchester City,275,no,,0,no,,0,no,yes
4112,Eric Dier,Eric Dier,Tottenham Hotspur,274,Tottenham Hotspur,274,no,,0,no,,0,no,no
10458,Andrew Robertson,andy robertson,Liverpool,273,Liverpool,273,no,,0,no,,0,no,no
2934,Patrice Evra,Patrice Evra,Manchester United,273,Manchester United,273,no,,0,no,,0,no,yes
2839,Theo Walcott,Theo Walcott,Arsenal,270,Arsenal,270,no,,0,no,,0,no,yes
533,Matt Le Tissier,matthew le tissier,Southampton,270,Southampton,270,no,,0,no,,0,no,yes
332,Nicky Butt,Nicky Butt,Manchester United,270,Manchester United,270,no,,0,no,,0,no,yes
11,Nigel Winterburn,Nigel Winterburn,Arsenal,270,Arsenal,270,no,,0,no,,0,no,yes
3744,Chris Brunt,Chris Brunt,West Bromwich Albion,269,West Bromwich Albion,269,no,,0,no,,0,no,yes
1627,Ledley King,Ledley King,Tottenham Hotspur,268,Tottenham Hotspur,268,no,,0,no,,0,no,yes
5140,Virgil van Dijk,Virgil van Dijk,Liverpool,268,Liverpool,268,no,,0,no,,0,no,no
9595,Michail Antonio,Michail Antonio,West Ham United,268,West Ham United,268,no,,0,no,,0,no,no
721,Rob Lee,robert lee,Newcastle United,267,Newcastle United,267,no,,0,no,,0,no,yes
3143,Joe Hart,Joe Hart,Manchester City,266,Manchester City,266,no,,0,no,,0,no,yes
2270,Aaron Lennon,Aaron Lennon,Tottenham Hotspur,266,Tottenham Hotspur,266,no,,0,no,,0,no,yes
277,Robbie Fowler,Robbie Fowler,Liverpool,266,Liverpool,266,no,,0,no,,0,no,yes
331,David Beckham,David Beckham,Manchester United,265,Manchester United,265,no,,0,no,,0,no,yes
3653,Vincent Kompany,Vincent Kompany,Manchester City,265,Manchester City,265,no,,0,no,,0,no,yes
1881,Tony Hibbert,Tony Hibbert,Everton,265,Everton,265,no,,0,no,,0,no,yes
750,Des Walker,Des Walker,Sheffield Wednesday,264,Sheffield Wednesday,264,no,,0,no,,0,no,yes
4804,Fernandinho,Fernandinho,Manchester City,264,Manchester City,264,no,,0,no,,0,no,yes
48285,Aaron Ramsey,Aaron Ramsey,Arsenal,262,Arsenal,262,no,,0,no,,0,no,yes
1420,Brad Friedel,Brad Friedel,Blackburn Rovers,261,Blackburn Rovers,261,no,,0,no,,0,no,yes
2040,Kevin Nolan,Kevin Nolan,Bolton Wanderers,261,Bolton Wanderers,261,no,,0,no,,0,no,yes
107,Dennis Wise,Dennis Wise,Chelsea,261,Chelsea,261,no,,0,no,,0,no,yes
3360,Branislav Ivanovic,Branislav Ivanovic,Chelsea,261,Chelsea,261,no,,0,no,,0,no,yes
72,Alan Wright,Alan Wright,Aston Villa,260,Aston Villa,260,no,,0,no,,0,no,yes
2636,Morten Gamst Pedersen,morten pedersen,Blackburn Rovers,259,Blackburn Rovers,259,no,,0,no,,0,no,yes
14732,Trent Alexander-Arnold,Trent Alexander-Arnold,Liverpool,259,Liverpool,259,no,,0,no,,0,no,no
1659,Thierry Henry,Thierry Henry,Arsenal,258,Arsenal,258,no,,0,no,,0,no,yes
13511,Roberto Firmino,Roberto Firmino,Liverpool,256,Liverpool,256,no,,0,no,,0,no,no
4030,Laurent Koscielny,Laurent Koscielny,Arsenal,255,Arsenal,255,no,,0,no,,0,no,yes
3,Tony Adams,Tony Adams,Arsenal,255,Arsenal,255,no,,0,no,,0,no,yes
557,Sol Campbell,Sol Campbell,Tottenham Hotspur,255,Tottenham Hotspur,255,no,,0,no,,0,no,yes
20559,Alisson,alisson becker,Liverpool,254,Liverpool,254,no,,0,no,,0,no,no
2662,Didier Drogba,Didier Drogba,Chelsea,254,Chelsea,254,no,,0,no,,0,no,yes
1184,Richard Dunne,Richard Dunne,Manchester City,253,Manchester City,253,no,,0,no,,0,no,yes
3512,Adam Smith,Adam Smith,Bournemouth,252,Bournemouth,252,no,,0,no,,0,no,no
307,Peter Schmeichel,Peter Schmeichel,Manchester United,252,Manchester United,252,no,,0,no,,0,no,yes
848,Lee Hendrie,Lee Hendrie,Aston Villa,251,Aston Villa,251,no,,0,no,,0,no,yes
2041,Ricardo Gardner,Ricardo Gardner,Bolton Wanderers,251,Bolton Wanderers,251,no,,0,no,,0,no,yes
1719,Mikaël Silvestre,Mikaël Silvestre,Manchester United,249,Manchester United,249,no,,0,no,,0,no,yes
3102,John Obi Mikel,John Obi Mikel,Chelsea,249,Chelsea,249,no,,0,no,,0,no,yes
3137,Lucas Leiva,Lucas Leiva,Liverpool,247,Liverpool,247,no,,0,no,,0,no,yes
2434,Brett Emerton,Brett Emerton,Blackburn Rovers,247,Blackburn Rovers,247,no,,0,no,,0,no,yes
4408,Ben Davies,Ben Davies,Tottenham Hotspur,245,Tottenham Hotspur,245,yes,,0,no,,0,no,no
4503,Eden Hazard,Eden Hazard,Chelsea,245,Chelsea,245,no,,0,no,,0,no,yes
41,Steve Staunton,Steve Staunton,Aston Villa,244,Aston Villa,244,no,,0,no,,0,no,yes
2529,James Morrison,James Morrison,West Bromwich Albion,244,West Bromwich Albion,244,no,,0,no,,0,no,yes
22542,Pascal Groß,Pascal Groß,Brighton & Hove Albion,244,Brighton & Hove Albion,244,yes,,0,no,,0,no,no
523,Francis Benali,Francis Benali,Southampton,243,Southampton,243,no,,0,no,,0,no,yes
3404,Martin Skrtel,Martin Skrtel,Liverpool,242,Liverpool,242,no,,0,no,,0,no,no
3285,Antonio Valencia,Antonio Valencia,Manchester United,241,Manchester United,241,no,,0,no,,0,no,yes
271,Steve McManaman,Steve McManaman,Liverpool,240,Liverpool,240,no,,0,no,,0,no,yes
4224,James McArthur,James McArthur,Crystal Palace,240,Crystal Palace,240,no,,0,no,,0,no,yes
544,Ian Walker,Ian Walker,Tottenham Hotspur,240,Tottenham Hotspur,240,no,,0,no,,0,no,yes
877,Duncan Ferguson,Duncan Ferguson,Everton,239,Everton,239,no,,0,no,,0,no,yes
9576,Dominic Calvert-Lewin,Dominic Calvert-Lewin,Everton,239,Everton,239,no,,0,no,,0,no,no
1692,Robbie Keane,Robbie Keane,Tottenham Hotspur,238,Tottenham Hotspur,238,no,,0,no,,0,no,yes
2522,Cristiano Ronaldo,Cristiano Ronaldo,Manchester United,236,Manchester United,236,no,,0,no,,0,no,no
2805,Michael Dawson,Michael Dawson,Tottenham Hotspur,236,Tottenham Hotspur,236,no,,0,no,,0,no,yes
576,Teddy Sheringham,Teddy Sheringham,Tottenham Hotspur,236,Tottenham Hotspur,236,no,,0,no,,0,no,yes
1558,David Weir,David Weir,Everton,235,Everton,235,no,,0,no,,0,no,yes
1217,Ole Gunnar Solskjaer,Ole Gunnar Solskjaer,Manchester United,235,Manchester United,235,no,,0,no,,0,no,yes
78,Tim Sherwood,Tim Sherwood,Blackburn Rovers,235,Blackburn Rovers,235,no,,0,no,,0,no,yes
847,Ian Taylor,Ian Taylor,Aston Villa,234,Aston Villa,234,no,,0,no,,0,no,yes
2110,John Arne Riise,John Arne Riise,Liverpool,234,Liverpool,234,no,,0,no,,0,no,yes
4748,Willian,Willian,Chelsea,234,Chelsea,234,no,,0,no,,0,no,no
2024,Tugay Kerimoğlu,tugay,Blackburn Rovers,233,Blackburn Rovers,233,no,,0,no,,0,no,yes
4666,Jan Vertonghen,Jan Vertonghen,Tottenham Hotspur,232,Tottenham Hotspur,232,no,,0,no,,0,no,yes
1211,Wes Brown,Wes Brown,Manchester United,232,Manchester United,232,no,,0,no,,0,no,yes
4608,Luke Shaw,Luke Shaw,Manchester United,232,Manchester United,232,yes,,0,no,,0,no,no
958,Matt Oakley,Matt Oakley,Southampton,232,Southampton,232,no,,0,no,,0,no,yes
2012,Olof Mellberg,Olof Mellberg,Aston Villa,232,Aston Villa,232,no,,0,no,,0,no,yes
262,Jamie Redknapp,Jamie Redknapp,Liverpool,231,Liverpool,231,no,,0,no,,0,no,yes
51423,John McGinn,John McGinn,Aston Villa,230,Aston Villa,230,yes,,0,no,,0,no,no
2100,James Milner,James Milner,Liverpool,230,Liverpool,230,no,,0,no,,0,no,no
3654,Pablo Zabaleta,Pablo Zabaleta,Manchester City,230,Manchester City,230,no,,0,no,,0,no,yes
4148,Yaya Touré,Yaya Touré,Manchester City,230,Manchester City,230,no,,0,no,,0,no,yes
1597,Nolberto Solano,Nolberto Solano,Newcastle United,230,Newcastle United,230,no,,0,no,,0,no,yes
13274,Ezri Konsa,Ezri Konsa,Aston Villa,229,Aston Villa,229,yes,,0,no,,0,no,no
35,Ugo Ehiogu,Ugo Ehiogu,Aston Villa,229,Aston Villa,229,no,,0,no,,0,no,no
1151,Gianfranco Zola,Gianfranco Zola,Chelsea,229,Chelsea,229,no,,0,no,,0,no,yes
8868,Jarrod Bowen,Jarrod Bowen,West Ham United,228,West Ham United,228,yes,,0,no,,0,no,no
1494,Ashley Cole,Ashley Cole,Chelsea,228,Chelsea,228,no,,0,no,,0,no,yes
23396,Bruno Fernandes,Bruno Fernandes,Manchester United,226,Manchester United,226,yes,,0,no,,0,no,no
25183,Tomáš Souček,tomás soucek,West Ham United,226,West Ham United,226,yes,,0,no,,0,no,no
2047,Jonathan Walters,Jonathan Walters,Stoke City,226,Stoke City,226,no,,0,no,,0,no,yes
2705,Tim Cahill,Tim Cahill,Everton,226,Everton,226,no,,0,no,,0,no,yes
776,Stephen Carr,Stephen Carr,Tottenham Hotspur,226,Tottenham Hotspur,226,no,,0,no,,0,no,yes
4845,Christian Eriksen,Christian Eriksen,Tottenham Hotspur,226,Tottenham Hotspur,226,no,,0,no,,0,no,no
12136,Granit Xhaka,Granit Xhaka,Arsenal,225,Arsenal,225,no,,0,no,,0,no,no
2002,Kolo Touré,Kolo Touré,Arsenal,225,Arsenal,225,no,,0,no,,0,no,yes
4316,Raheem Sterling,Raheem Sterling,Manchester City,225,Manchester City,225,no,,0,no,,0,no,no
4333,Michael Keane,Michael Keane,Everton,225,Everton,225,no,,0,no,,0,no,no
3564,Marc Albrighton,Marc Albrighton,Leicester City,224,Leicester City,224,no,,0,no,,0,no,yes
49481,Bukayo Saka,Bukayo Saka,Arsenal,224,Arsenal,224,no,,0,no,,0,no,no
174,Dave Watson,Dave Watson,Everton,223,Everton,223,no,,0,no,,0,no,yes
1943,Darren Fletcher,Darren Fletcher,Manchester United,223,Manchester United,223,no,,0,no,,0,no,yes
670,Muzzy Izzet,Muzzy Izzet,Leicester City,222,Leicester City,222,no,,0,no,,0,no,yes
5101,İlkay Gündoğan,ilkay gündogan,Manchester City,221,Manchester City,221,no,,0,no,,0,no,no
14805,Phil Foden,Phil Foden,Manchester City,220,Manchester City,220,yes,,0,no,,0,no,no
2239,Joseph Yobo,Joseph Yobo,Everton,220,Everton,220,no,,0,no,,0,no,yes
20479,Wilfred Ndidi,Wilfred Ndidi,Leicester City,220,Leicester City,220,no,,0,no,,0,no,no
8980,Jeffrey Schlupp,Jeffrey Schlupp,Crystal Palace,220,Crystal Palace,220,no,,0,no,,0,no,no
12582,Idrissa Gueye,Idrissa Gueye,Everton,219,Everton,219,no,,0,no,,0,no,no
4286,Oriol Romeu,Oriol Romeu,Southampton,217,Southampton,217,no,,0,no,,0,no,no
8658,Ollie Watkins,Ollie Watkins,Aston Villa,217,Aston Villa,217,yes,,0,no,,0,no,no
3394,Brede Hangeland,Brede Hangeland,Fulham,217,Fulham,217,no,,0,no,,0,no,yes
3909,Ben Mee,Ben Mee,Burnley,217,Burnley,217,no,,0,no,,0,no,no
1497,Freddie Ljungberg,Freddie Ljungberg,Arsenal,216,Arsenal,216,no,,0,no,,0,no,yes
1208,Michael Owen,Michael Owen,Liverpool,216,Liverpool,216,no,,0,no,,0,no,yes
2058,Carlton Cole,Carlton Cole,West Ham United,216,West Ham United,216,no,,0,no,,0,no,yes
9662,Jacob Murphy,Jacob Murphy,Newcastle United,215,Newcastle United,215,yes,,0,no,,0,no,no
125,Peter Atherton,Peter Atherton,Sheffield Wednesday,214,Sheffield Wednesday,214,no,,0,no,,0,no,yes
252,David James,David James,Liverpool,214,Liverpool,214,no,,0,no,,0,no,yes
2886,Ryan Bertrand,Ryan Bertrand,Southampton,214,Southampton,214,no,,0,no,,0,no,yes
239,Gary Speed,Gary Speed,Newcastle United,213,Newcastle United,213,no,,0,no,,0,no,no
1045,Ian Harte,Ian Harte,Leeds United,213,Leeds United,213,no,,0,no,,0,no,yes
3311,Bacary Sagna,Bacary Sagna,Arsenal,213,Arsenal,213,no,,0,no,,0,no,yes
2417,Cesc Fàbregas,Cesc Fàbregas,Arsenal,212,Arsenal,212,no,,0,no,,0,no,yes
2935,Nemanja Vidic‎,nemanja vidic,Manchester United,211,Manchester United,211,no,,0,no,,0,no,yes
20607,Joelinton,Joelinton,Newcastle United,211,Newcastle United,211,yes,,0,no,,0,no,no
5220,Fabian Schär,Fabian Schär,Newcastle United,211,Newcastle United,211,yes,,0,no,,0,no,no
2122,Stewart Downing,Stewart Downing,Middlesbrough,211,Middlesbrough,211,no,,0,no,,0,no,yes
3680,Fabricio Coloccini,Fabricio Coloccini,Newcastle United,211,Newcastle United,211,no,,0,no,,0,no,yes
4245,Emiliano Martínez,Emiliano Martínez,Aston Villa,210,Aston Villa,210,yes,,0,no,,0,no,no
3062,Ashley Young,Ashley Young,Aston Villa,210,Aston Villa,210,no,,0,no,,0,no,no
74,Henning Berg,Henning Berg,Blackburn Rovers,209,Blackburn Rovers,209,no,,0,no,,0,no,yes
2932,Ben Foster,Ben Foster,West Bromwich Albion,209,West Bromwich Albion,209,no,,0,no,,0,no,yes
3135,Dirk Kuyt,dirk kuijt,Liverpool,208,Liverpool,208,no,,0,no,,0,no,yes
172,Neville Southall,Neville Southall,Everton,207,Everton,207,no,,0,no,,0,no,yes
495,Kevin Pressman,Kevin Pressman,Sheffield Wednesday,207,Sheffield Wednesday,207,no,,0,no,,0,no,yes
146,Nigel Martyn,Nigel Martyn,Leeds United,207,Leeds United,207,no,,0,no,,0,no,yes
8246,Ashley Barnes,Ashley Barnes,Burnley,206,Burnley,206,no,,0,no,,0,no,no
1337,David Dunn,David Dunn,Blackburn Rovers,204,Blackburn Rovers,204,no,,0,no,,0,no,yes
15202,Declan Rice,Declan Rice,West Ham United,204,West Ham United,204,no,,0,no,,0,no,no
1190,Lee Bowyer,Lee Bowyer,Leeds United,203,Leeds United,203,no,,0,no,,0,no,yes
75,Colin Hendry,Colin Hendry,Blackburn Rovers,203,Blackburn Rovers,203,no,,0,no,,0,no,yes
4437,Gareth McAuley,Gareth McAuley,West Bromwich Albion,203,West Bromwich Albion,203,no,,0,no,,0,no,yes
1005,James Beattie,James Beattie,Southampton,202,Southampton,202,no,,0,no,,0,no,yes
1629,Peter Crouch,Peter Crouch,Stoke City,202,Stoke City,202,no,,0,no,,0,no,yes
24334,Tyrick Mitchell,Tyrick Mitchell,Crystal Palace,202,Crystal Palace,202,yes,,0,no,,0,no,no
785,Steve Potts,Steve Potts,West Ham United,202,West Ham United,202,no,,0,no,,0,no,yes
3734,Jonas Olsson,Jonas Olsson,West Bromwich Albion,201,West Bromwich Albion,201,no,,0,no,,0,no,yes
228,David Wetherall,David Wetherall,Leeds United,201,Leeds United,201,no,,0,no,,0,no,yes
5514,Angelo Ogbonna,Angelo Ogbonna,West Ham United,201,West Ham United,201,no,,0,no,,0,no,no
1196,Matt Elliott,Matt Elliott,Leicester City,199,Leicester City,199,no,,0,no,,0,no,yes
3206,Shane Long,Shane Long,Southampton,198,Southampton,198,no,,0,no,,0,no,yes
2681,Wayne Routledge,Wayne Routledge,Swansea City,198,Swansea City,198,no,,0,no,,0,no,yes
522,Ken Monkou,kenneth monkou,Southampton,198,Southampton,198,no,,0,no,,0,no,yes
363,Robbie Mustoe,Robbie Mustoe,Middlesbrough,197,Middlesbrough,197,no,,0,no,,0,no,yes
886,Lucas Radebe,Lucas Radebe,Leeds United,197,Leeds United,197,no,,0,no,,0,no,yes
6519,Sadio Mané,Sadio Mané,Liverpool,196,Liverpool,196,no,,0,no,,0,no,no
3309,Lukasz Fabianski,Lukasz Fabianski,West Ham United,195,West Ham United,195,yes,,0,no,,0,no,no
16286,Rodri,Rodri,Manchester City,195,Manchester City,195,yes,,0,no,,0,no,no
3811,Nathan Redmond,Nathan Redmond,Southampton,195,Southampton,195,no,,0,no,,0,no,no
5595,Jordan Ayew,Jordan Ayew,Crystal Palace,195,Crystal Palace,195,no,,0,no,,0,no,no
8143,James Tarkowski,James Tarkowski,Burnley,194,Burnley,194,no,,0,no,,0,no,no
2323,Steven Taylor,Steven Taylor,Newcastle United,194,Newcastle United,194,no,,0,no,,0,no,yes
2616,Robin van Persie,Robin van Persie,Arsenal,194,Arsenal,194,no,,0,no,,0,no,yes
2423,Steven Davis,Steven Davis,Southampton,193,Southampton,193,no,,0,no,,0,no,yes
80,Jason Wilcox,Jason Wilcox,Blackburn Rovers,192,Blackburn Rovers,192,no,,0,no,,0,no,yes
2620,Gary Cahill,Gary Cahill,Chelsea,191,Chelsea,191,no,,0,no,,0,no,yes
8171,Solly March,Solly March,Brighton & Hove Albion,191,Brighton & Hove Albion,191,yes,,0,no,,0,no,no
122,Steve Ogrizovic,Steve Ogrizovic,Coventry City,191,Coventry City,191,no,,0,no,,0,no,yes
1595,Dietmar Hamann,Dietmar Hamann,Liverpool,191,Liverpool,191,no,,0,no,,0,no,yes
1033,Paul Telfer,Paul Telfer,Coventry City,191,Coventry City,191,no,,0,no,,0,no,yes
1455,Paul Jones,Paul Jones,Southampton,191,Southampton,191,no,,0,no,,0,no,yes
29,Ian Wright,Ian Wright,Arsenal,191,Arsenal,191,no,,0,no,,0,no,yes
153,Gareth Southgate,Gareth Southgate,Aston Villa,191,Aston Villa,191,no,,0,no,,0,no,yes
1740,Kieron Dyer,Kieron Dyer,Newcastle United,190,Newcastle United,190,no,,0,no,,0,no,yes
13492,N'Golo Kanté,N'Golo Kanté,Chelsea,190,Chelsea,190,no,,0,no,,0,no,no
1835,Robert Pirès,Robert Pirès,Arsenal,189,Arsenal,189,no,,0,no,,0,no,yes
66104,Gabriel Martinelli,Gabriel Martinelli,Arsenal,189,Arsenal,189,no,,0,no,,0,no,no
50234,Gabriel,gabriel magalhães,Arsenal,189,Arsenal,189,no,,0,no,,0,no,no
3388,Steven Pienaar,Steven Pienaar,Everton,189,Everton,189,no,,0,no,,0,no,yes
3121,Clint Dempsey,Clint Dempsey,Fulham,189,Fulham,189,no,,0,no,,0,no,yes
2018,Lucas Neill,Lucas Neill,Blackburn Rovers,188,Blackburn Rovers,188,no,,0,no,,0,no,yes
10766,Lewis Cook,Lewis Cook,Bournemouth,188,Bournemouth,188,no,,0,no,,0,no,no
3010,James Collins,James Collins,West Ham United,188,West Ham United,188,no,,0,no,,0,no,yes
1168,Chris Powell,Chris Powell,Charlton Athletic,187,Charlton Athletic,187,no,,0,no,,0,no,yes
1464,Luke Young,Luke Young,Charlton Athletic,187,Charlton Athletic,187,no,,0,no,,0,no,yes
79,Stuart Ripley,Stuart Ripley,Blackburn Rovers,187,Blackburn Rovers,187,no,,0,no,,0,no,yes
2413,Gaël Clichy,Gaël Clichy,Arsenal,187,Arsenal,187,no,,0,no,,0,no,yes
4472,Nacho Monreal,Nacho Monreal,Arsenal,187,Arsenal,187,no,,0,no,,0,no,yes
300,Garry Flitcroft,Garry Flitcroft,Blackburn Rovers,186,Blackburn Rovers,186,no,,0,no,,0,no,yes
54312,Miguel Almirón,Miguel Almirón,Newcastle United,186,Newcastle United,186,no,,0,no,,0,no,no
1866,Eidur Gudjohnsen,Eidur Gudjohnsen,Chelsea,186,Chelsea,186,no,,0,no,,0,no,yes
3063,Stiliyan Petrov,Stiliyan Petrov,Aston Villa,185,Aston Villa,185,no,,0,no,,0,no,yes
24626,Douglas Luiz,Douglas Luiz,Aston Villa,185,Aston Villa,185,yes,,0,no,,0,no,no
1632,Joe Cole,Joe Cole,Chelsea,184,Chelsea,184,no,,0,no,,0,no,yes
5859,Luka Milivojevic,Luka Milivojevic,Crystal Palace,183,Crystal Palace,183,no,,0,no,,0,no,no
1049,Harry Kewell,Harry Kewell,Leeds United,181,Leeds United,181,no,,0,no,,0,no,yes
4123,Mousa Dembélé,Mousa Dembélé,Tottenham Hotspur,181,Tottenham Hotspur,181,no,,0,no,,0,no,yes
9167,Dele Alli,Dele Alli,Tottenham Hotspur,181,Tottenham Hotspur,181,no,,0,no,,0,no,no
4403,Ashley Williams,Ashley Williams,Swansea City,181,Swansea City,181,no,,0,no,,0,no,yes
1361,George Boateng,George Boateng,Middlesbrough,181,Middlesbrough,181,no,,0,no,,0,no,yes
19589,Jan Bednarek,Jan Bednarek,Southampton,181,Southampton,181,no,,0,no,,0,no,no
32,Mark Bosnich,Mark Bosnich,Aston Villa,180,Aston Villa,180,no,,0,no,,0,no,yes
