player_id,player_name,nationality,position,birth_date,goldenbootwinners_Season,goldenbootwinners_Goals,goldenglovewinners_Clean sheets,100goalsclub_Premier League total goals,100cleansheetsgk_Premier League total clean sheets,team10y20yawardxi_award,yearofseasonwinners,ayerofseasonwinners_Club,ayers3ustitles_titles,ayers3ustitles_clubs,ayers3ustitles_seasons,multi_team1,multi_team1_appearances,multi_is_in_team1,multi_team2,multi_team2_appearances,multi_is_in_team2,multi_team3,multi_team3_appearances,multi_is_in_team3,golden_boot_season,golden_boot_goals,epl_total_appearances,is_retired,current_team,xlsx_clubs,player_name_zh
2100,James Milner,England,M,1986/1/4,,,,,,,,,3.0,"Manchester City (2), Liverpool (1)","2011–12, 2013–14, 2019–20",Liverpool,230.0,no,,0.0,no,,0.0,no,,,657.0,no,Brighton & Hove Albion,Leeds United;Newcastle United;Aston Villa;Manchester City;Liverpool;Brighton & Hove Albion,詹姆斯·米尔纳
1308,Gareth Barry,England,M,1981/2/23,,,,,,,,,,,,Aston Villa,365.0,no,,0.0,no,,0.0,no,,,653.0,yes,,Aston Villa;Manchester City;Everton;West Bromwich Albion,加雷斯·巴里
335,Ryan Giggs,Wales,M,1973/11/29,,,,108.0,,Premier League 10 Seasons Awards,,,13.0,Manchester United,"1992–93, 1993–94, 1995–96, 1996–97, 1998–99, 1999–2000, 2000–01, 2002–03, 2006–07, 2007–08, 2008–09, 2010–11, 2012–13",Manchester United,632.0,no,,0.0,no,,0.0,no,,,632.0,yes,,Manchester United,瑞恩·吉格斯
800,Frank Lampard,England,M,1978/6/20,,,,177.0,,,2004,Chelsea,3.0,Chelsea,"2004–05, 2005–06, 2009–10",Chelsea,429.0,no,,0.0,no,,0.0,no,,,609.0,yes,,West Ham United;Chelsea;Manchester City,弗兰克·兰帕德
252,David James,England,G,1970/8/1,,,,,172.0,,,,,,,Liverpool,214.0,no,,0.0,no,,0.0,no,,,572.0,yes,,Liverpool;Aston Villa;West Ham United;Manchester City;Portsmouth,大卫·詹姆斯
239,Gary Speed,Wales,M,1969/9/8,,,,,,,,,,,,Newcastle United,213.0,no,,0.0,no,,0.0,no,,,535.0,yes,,Leeds United;Everton;Newcastle United;Bolton Wanderers,加里·斯皮德
908,Emile Heskey,England,F,1978/1/11,,,,110.0,,,,,,,,,,,,,,,,,,,516.0,yes,,Leicester City;Liverpool;Birmingham City;Wigan Athletic;Aston Villa,埃米尔·赫斯基
1218,Mark Schwarzer,Australia,G,1972/10/6,,,,,153.0,,,,,,,Middlesbrough,332.0,no,,0.0,no,,0.0,no,,,514.0,yes,,Middlesbrough;Fulham;Chelsea;Leicester City,马克·施瓦泽
915,Jamie Carragher,England,D,1978/1/28,,,,,,,,,,,,Liverpool,508.0,no,,0.0,no,,0.0,no,,,508.0,yes,,Liverpool,杰米·卡拉格
921,Phil Neville,England,M,1977/1/21,,,,,,,,,6.0,Manchester United,"1995–96, 1996–97, 1998–99, 1999–2000, 2000–01, 2002–03",Manchester United,262.0,no,Everton,242.0,no,,0.0,no,,,505.0,yes,,Manchester United;Everton,菲尔·内维尔
1575,Steven Gerrard,England,M,1980/5/30,,,,121.0,,Premier League 20 Seasons Awards,,,,,,Liverpool,504.0,no,,0.0,no,,0.0,no,,,504.0,yes,,Liverpool,史蒂文·杰拉德
1111,Rio Ferdinand,England,D,1978/11/7,,,,,,Premier League 20 Seasons Awards,,,6.0,Manchester United,"2002–03, 2006–07, 2007–08, 2008–09, 2010–11, 2012–13",Manchester United,312.0,no,,0.0,no,,0.0,no,,,504.0,yes,,West Ham United;Leeds United;Manchester United;Queens Park Rangers,里奥·费迪南德
557,Sol Campbell,England,D,1974/9/18,,,,,,,,,,,,Tottenham Hotspur,255.0,no,,0.0,no,,0.0,no,,,503.0,yes,,Tottenham Hotspur;Arsenal;Newcastle United,索尔·坎贝尔
336,Paul Scholes,England,M,1974/11/16,,,,107.0,,Premier League 10 Seasons Awards,,,11.0,Manchester United,"1995–96, 1996–97, 1998–99, 1999–2000, 2000–01, 2002–03, 2006–07, 2007–08, 2008–09, 2010–11, 2012–13",Manchester United,499.0,no,,0.0,no,,0.0,no,,,499.0,yes,,Manchester United,保罗·斯科尔斯
1526,Jermain Defoe,England,F,1982/10/7,,,,163.0,,,,,,,,Tottenham Hotspur,276.0,no,,0.0,no,,0.0,no,,,496.0,yes,,West Ham United;Tottenham Hotspur;Portsmouth;Sunderland;Bournemouth,杰梅因·迪福
1353,John Terry,England,D,1980/12/7,,,,,,,,,5.0,Chelsea,"2004–05, 2005–06, 2009–10, 2014–15, 2016–17",Chelsea,492.0,no,,0.0,no,,0.0,no,,,492.0,yes,,Chelsea;Aston Villa,约翰·特里
2064,Wayne Rooney,England,F,1985/10/24,,,,208.0,,,2009,Manchester United,5.0,Manchester United,"2006–07, 2007–08, 2008–09, 2010–11, 2012–13",Manchester United,393.0,no,,0.0,no,,0.0,no,,,491.0,yes,,Everton;Manchester United,韦恩·鲁尼
3062,Ashley Young,England,D,1985/7/9,,,,,,,,,,,,Aston Villa,210.0,no,,0.0,no,,0.0,no,,,485.0,no,Ipswich Town,Aston Villa;Manchester United;Everton,阿什利·扬
1634,Michael Carrick,England,M,1981/7/28,,,,,,,,,5.0,Manchester United,"2006–07, 2007–08, 2008–09, 2010–11, 2012–13",Manchester United,316.0,no,,0.0,no,,0.0,no,,,481.0,yes,,West Ham United;Tottenham Hotspur;Manchester United,迈克尔·卡里克
2125,Sylvain Distin,France,D,1977/12/16,,,,,,,,,,,,,,,,,,,,,,,469.0,yes,,Newcastle United;Manchester City;Portsmouth;Everton,西尔万·迪斯丁
1629,Peter Crouch,England,F,1981/1/30,,,,106.0,,,,,,,,Stoke City,202.0,no,,0.0,no,,0.0,no,,,468.0,yes,,Aston Villa;Southampton;Liverpool;Portsmouth;Tottenham Hotspur;Stoke City;Burnley,彼得·克劳奇
3712,Jordan Henderson,England,M,1990/6/17,,,,,,,,,,,,Liverpool,360.0,no,,0.0,no,,0.0,no,,,461.0,no,Brentford FC,Sunderland;Liverpool;Brentford,乔丹·亨德森
1230,Aaron Hughes,Northern Ireland,D,1979/11/8,,,,,,,,,,,,Newcastle United,205.0,no,Fulham,196.0,no,,0.0,no,,,455.0,yes,,Newcastle United;Aston Villa;Fulham;Queens Park Rangers,阿隆·休斯
851,Shay Given,Ireland,G,1976/4/20,,,,,116.0,,,,,,,Newcastle United,354.0,no,,0.0,no,,0.0,no,,,450.0,yes,,Blackburn Rovers;Newcastle United;Manchester City;Aston Villa;Stoke City,谢伊·吉文
1420,Brad Friedel,United States,G,1971/5/18,,,,,132.0,,,,,,,Blackburn Rovers,261.0,no,,0.0,no,,0.0,no,,,450.0,yes,,Liverpool;Blackburn Rovers;Aston Villa;Tottenham Hotspur,布拉德·弗里德尔
1717,John O'Shea,Ireland,D,1981/4/30,,,,,,,,,5.0,Manchester United,"2002–03, 2006–07, 2007–08, 2008–09, 2010–11",Manchester United,257.0,no,Sunderland,189.0,no,,0.0,no,,,445.0,yes,,Manchester United;Sunderland,约翰·奥谢
3955,Kyle Walker,England,D,1990/5/28,,,,,,,,,6.0,Manchester City,"2017–18, 2018–19, 2020–21, 2021–22, 2022–23, 2023–24",Manchester City,212.0,no,Tottenham Hotspur,183.0,no,,0.0,no,,,444.0,no,Burnley FC,Tottenham Hotspur;Aston Villa;Manchester City;Burnley,凯尔·沃克
1249,Kevin Davies,England,F,1977/3/26,,,,87.0,,,,,,,,Bolton Wanderers,316.0,no,,0.0,no,,0.0,no,,,444.0,yes,,Southampton;Blackburn Rovers;Bolton Wanderers,凯文·戴维斯
2651,Petr Cech,Czech Republic,G,1982/5/20,,,"16.0, 17.0",,207.0,,,,4.0,Chelsea,"2004–05, 2005–06, 2009–10, 2014–15",Chelsea,333.0,no,,0.0,no,,0.0,no,,,443.0,yes,,Chelsea;Arsenal,彼得·切赫
89,Alan Shearer,England,F,1970/8/13,"1994, 1995, 1996","25.0, 31.0, 34.0",,260.0,,Premier League 10 Seasons Awards,1994,Blackburn Rovers,,,,Newcastle United,303.0,no,,0.0,no,,0.0,no,"1994, 1995, 1996","34.0, 31.0, 25.0",441.0,yes,,Blackburn Rovers;Newcastle United,阿兰·希勒
1342,Jussi Jääskeläinen,Finland,G,1975/4/19,,,,,110.0,,,,,,,Bolton Wanderers,379.0,no,,0.0,no,,0.0,no,,,436.0,yes,,Bolton Wanderers;West Ham United,尤西·亚斯凯莱宁
1184,Richard Dunne,Ireland,D,1979/9/21,,,,,,,,,,,,Manchester City,253.0,no,,0.0,no,,0.0,no,,,431.0,yes,,Everton;Manchester City;Aston Villa;Queens Park Rangers,理查德·邓恩
153,Gareth Southgate,England,D,1970/9/3,,,,,,,,,,,,Aston Villa,191.0,no,,0.0,no,,0.0,no,,,426.0,yes,,Crystal Palace;Aston Villa;Middlesbrough,加雷斯·索斯盖特
4617,James Ward-Prowse,England,M,1994/11/1,,,,,,,,,,,,Southampton,343.0,no,,0.0,no,,0.0,no,,,420.0,no,Burnley FC,Southampton;West Ham United;Burnley,詹姆斯·沃德-普劳斯
3030,Leighton Baines,England,D,1984/12/11,,,,,,,,,,,,Everton,348.0,no,,0.0,no,,0.0,no,,,420.0,yes,,Wigan Athletic;Everton,莱顿·贝恩斯
576,Teddy Sheringham,England,F,1966/4/2,1992,22.0,,146.0,,,,,3.0,Manchester United,"1998–99, 1999–2000, 2000–01",Tottenham Hotspur,236.0,no,,0.0,no,,0.0,no,1992,22.0,418.0,yes,,Tottenham Hotspur;Manchester United;Portsmouth;West Ham United,泰迪·谢林汉姆
1423,Danny Murphy,England,M,1977/3/18,,,,,,,,,,,,,,,,,,,,,,,417.0,yes,,Liverpool;Charlton Athletic;Tottenham Hotspur;Fulham;Blackburn Rovers,丹尼·墨菲
2270,Aaron Lennon,England,M,1987/4/16,,,,,,,,,,,,Tottenham Hotspur,266.0,no,,0.0,no,,0.0,no,,,416.0,yes,,Leeds United;Tottenham Hotspur;Everton;Burnley,阿隆·列侬
4330,David de Gea,Spain,G,1990/11/7,,,"17.0, 18.0",,148.0,,,,,,,Manchester United,415.0,no,,0.0,no,,0.0,no,,,415.0,no,ACF Fiorentina,Manchester United,大卫·德赫亚
3014,Mark Noble,England,M,1987/5/8,,,,,,,,,,,,West Ham United,414.0,no,,0.0,no,,0.0,no,,,414.0,yes,,West Ham United,马克·诺布尔
725,Andrew Cole,England,F,1971/10/15,1993,34.0,,187.0,,,,,5.0,Manchester United,"1995–96, 1996–97, 1998–99, 1999–2000, 2000–01",,,,,,,,,,1993,34.0,414.0,yes,,Newcastle United;Manchester United;Blackburn Rovers;Fulham;Manchester City;Portsmouth;Sunderland,安德鲁·科尔
332,Nicky Butt,England,M,1975/1/21,,,,,,,,,6.0,Manchester United,"1995–96, 1996–97, 1998–99, 1999–2000, 2000–01, 2002–03",Manchester United,270.0,no,,0.0,no,,0.0,no,,,411.0,yes,,Manchester United;Newcastle United,尼基·巴特
2122,Stewart Downing,England,M,1984/7/22,,,,,,,,,,,,Middlesbrough,211.0,no,,0.0,no,,0.0,no,,,408.0,yes,,Middlesbrough;Aston Villa;Liverpool;West Ham United,斯图尔特·唐宁
2040,Kevin Nolan,England,M,1982/6/24,,,,,,,,,,,,Bolton Wanderers,261.0,no,,0.0,no,,0.0,no,,,401.0,yes,,Bolton Wanderers;Newcastle United;West Ham United,凯文·诺兰
321,Gary Neville,England,D,1975/2/18,,,,,,Premier League 10 Seasons Awards,,,8.0,Manchester United,"1995–96, 1996–97, 1998–99, 1999–2000, 2000–01, 2002–03, 2006–07, 2008–09",Manchester United,399.0,no,,0.0,no,,0.0,no,,,400.0,yes,,Manchester United,加里·内维尔
2516,Tim Howard,United States,G,1979/3/6,,,,,133.0,,,,,,,Everton,354.0,no,,0.0,no,,0.0,no,,,399.0,yes,,Manchester United;Everton,蒂姆·霍华德
3452,Danny Welbeck,England,F,1990/11/26,,,,89.0,,,,,,,,,,,,,,,,,,,398.0,no,Brighton & Hove Albion,Manchester United;Arsenal;Watford;Brighton & Hove Albion,丹尼·维尔贝克
1190,Lee Bowyer,England,M,1977/1/3,,,,,,,,,,,,Leeds United,203.0,no,,0.0,no,,0.0,no,,,397.0,yes,,Leeds United;West Ham United;Newcastle United;Birmingham City,李·博耶
2839,Theo Walcott,England,F,1989/3/16,,,,,,,,,,,,Arsenal,270.0,no,,0.0,no,,0.0,no,,,397.0,yes,,Arsenal;Everton;Southampton,西奥·沃尔科特
4316,Raheem Sterling,England,F,1994/12/8,,,,123.0,,,,,4.0,Manchester City,"2017–18, 2018–19, 2020–21, 2021–22",Manchester City,225.0,no,,0.0,no,,0.0,no,,,396.0,no,Feyenoord Rotterdam,Liverpool;Manchester City;Chelsea;Arsenal,拉希姆·斯特林
2620,Gary Cahill,England,D,1985/12/19,,,,,,,,,,,,Chelsea,191.0,no,,0.0,no,,0.0,no,,,394.0,yes,,Aston Villa;Bolton Wanderers;Chelsea;Crystal Palace,加里·卡希尔
1004,Damien Duff,Ireland,M,1979/3/2,,,,,,,,,,,,,,,,,,,,,,,392.0,yes,,Blackburn Rovers;Chelsea;Newcastle United;Fulham,达米安·达夫
2932,Ben Foster,England,G,1983/4/3,,,,,94.0,,,,,,,West Bromwich Albion,209.0,no,,0.0,no,,0.0,no,,,390.0,yes,,Manchester United;Watford;Birmingham City;West Bromwich Albion,本·福斯特
3156,Jonny Evans,Northern Ireland,D,1988/1/3,,,,,,,,,3.0,Manchester United,"2008–09, 2010–11, 2012–13",,,,,,,,,,,,386.0,yes,,Manchester United;West Bromwich Albion;Leicester City,乔尼·埃文斯
1494,Ashley Cole,England,D,1980/12/20,,,,,,Premier League 20 Seasons Awards,,,3.0,"Arsenal (2), Chelsea (1)","2001–02, 2003–04, 2009–10",Chelsea,228.0,no,,0.0,no,,0.0,no,,,385.0,yes,,Arsenal;Chelsea,阿什利·科尔
1361,George Boateng,Netherlands,M,1975/9/5,,,,,,,,,,,,Middlesbrough,181.0,no,,0.0,no,,0.0,no,,,384.0,yes,,Coventry City;Aston Villa;Middlesbrough;Hull City,乔治·博阿滕
19,Ray Parlour,England,M,1973/3/7,,,,,,,,,3.0,Arsenal,"1997–98, 2001–02, 2003–04",Arsenal,333.0,no,,0.0,no,,0.0,no,,,379.0,yes,,Arsenal;Middlesbrough,雷·帕洛尔
277,Robbie Fowler,England,F,1975/4/9,,,,163.0,,,,,,,,Liverpool,266.0,no,,0.0,no,,0.0,no,,,379.0,yes,,Liverpool;Leeds United;Manchester City;Blackburn Rovers,罗比·福勒
1464,Luke Young,England,D,1979/7/19,,,,,,,,,,,,Charlton Athletic,187.0,no,,0.0,no,,0.0,no,,,378.0,yes,,Tottenham Hotspur;Charlton Athletic;Middlesbrough;Aston Villa,卢克·扬
1632,Joe Cole,England,M,1981/11/8,,,,,,,,,3.0,Chelsea,"2004–05, 2005–06, 2009–10",Chelsea,184.0,no,,0.0,no,,0.0,no,,,378.0,yes,,West Ham United;Chelsea;Liverpool;Aston Villa,乔·科尔
776,Stephen Carr,Ireland,D,1976/8/29,,,,,,,,,,,,Tottenham Hotspur,226.0,no,,0.0,no,,0.0,no,,,377.0,yes,,Tottenham Hotspur;Newcastle United;Birmingham City,斯蒂芬·卡尔
3222,Phil Jagielka,England,D,1982/8/17,,,,,,,,,,,,Everton,322.0,no,,0.0,no,,0.0,no,,,376.0,yes,,Sheffield United;Everton,菲尔·贾吉尔卡
3309,Lukasz Fabianski,Poland,G,1985/4/18,,,,,97.0,,,,,,,West Ham United,195.0,yes,,0.0,no,,0.0,no,,,376.0,no,West Ham United,Arsenal;Swansea City;West Ham United,卢卡什·法比安斯基
59,Dwight Yorke,,M,1971/11/3,1998,18.0,,123.0,,,1998,Manchester United,3.0,Manchester United,"1998–99, 1999–2000, 2000–01",,,,,,,,,,1998,18.0,375.0,yes,,Aston Villa;Manchester United;Blackburn Rovers;Birmingham City;Sunderland,德怀特·约克
1404,Paul Robinson,England,G,1979/10/15,,,,,88.0,,,,,,,,,,,,,,,,,,374.0,yes,,Leeds United;Tottenham Hotspur;Blackburn Rovers,保罗·罗宾逊
146,Nigel Martyn,England,G,1966/8/11,,,,,141.0,,,,,,,Leeds United,207.0,no,,0.0,no,,0.0,no,,,372.0,yes,,Crystal Palace;Leeds United;Everton,奈杰尔·马丁
3600,Séamus Coleman,Ireland,D,1988/10/11,,,,,,,,,,,,Everton,372.0,no,,0.0,no,,0.0,no,,,372.0,no,Everton FC,Everton,谢默斯·科尔曼
1518,Scott Parker,England,M,1980/10/13,,,,,,,,,,,,,,,,,,,,,,,367.0,yes,,Charlton Athletic;Chelsea;Newcastle United;West Ham United;Tottenham Hotspur;Fulham,斯科特·帕克
407,Roy Keane,Ireland,M,1971/8/10,,,,,,Premier League 20 Seasons Awards,,,7.0,Manchester United,"1993–94, 1995–96, 1996–97, 1998–99, 1999–2000, 2000–01, 2002–03",Manchester United,326.0,no,,0.0,no,,0.0,no,,,366.0,yes,,Nottingham Forest;Manchester United,罗伊·基恩
181,David Unsworth,England,D,1973/10/16,,,,,,,,,,,,Everton,302.0,no,,0.0,no,,0.0,no,,,364.0,yes,,Everton;West Ham United;Aston Villa;Portsmouth;Wigan Athletic;Sheffield United,大卫·昂斯沃思
1135,Nicolas Anelka,France,F,1979/3/14,2008,19.0,,125.0,,,,,,,,,,,,,,,,,2008,19.0,364.0,yes,,Arsenal;Liverpool;Manchester City;Bolton Wanderers;Chelsea;West Bromwich Albion,尼古拉·阿内尔卡
1751,Thomas Sørensen,Denmark,G,1976/6/12,,,,,112.0,,,,,,,,,,,,,,,,,,363.0,yes,,Sunderland;Aston Villa;Stoke City,托马斯·索伦森
587,Chris Perry,England,D,1973/4/26,,,,,,,,,,,,,,,,,,,,,,,363.0,yes,,Wimbledon;Tottenham Hotspur;Charlton Athletic;West Bromwich Albion,克里斯·佩里
741,Trevor Sinclair,England,M,1973/3/2,,,,,,,,,,,,,,,,,,,,,,,361.0,yes,,Queens Park Rangers;West Ham United;Manchester City,特雷弗·辛克莱尔
4664,Hugo Lloris,France,G,1986/12/26,,,,,128.0,,,,,,,Tottenham Hotspur,361.0,no,,0.0,no,,0.0,no,,,361.0,no,Los Angeles FC,Tottenham Hotspur,雨果·洛里斯
4640,Jordan Pickford,England,G,1994/3/7,,,,,98.0,,,,,,,Everton,329.0,no,,0.0,no,,0.0,no,,,360.0,no,Everton FC,Sunderland;Everton,乔丹·皮克福德
2148,Glen Johnson,England,D,1984/8/23,,,,,,,,,,,,,,,,,,,,,,,358.0,yes,,West Ham United;Chelsea;Portsmouth;Liverpool;Stoke City,格伦·约翰逊
1391,Rory Delap,Ireland,M,1976/7/6,,,,,,,,,,,,,,,,,,,,,,,358.0,yes,,Derby County;Southampton;Sunderland;Stoke City,罗里·德拉普
35,Ugo Ehiogu,England,D,1972/11/3,,,,,,,,,,,,Aston Villa,229.0,no,,0.0,no,,0.0,no,,,355.0,yes,,Aston Villa;Middlesbrough,乌戈·埃希奥古
11,Nigel Winterburn,England,D,1963/12/11,,,,,,,,,,,,Arsenal,270.0,no,,0.0,no,,0.0,no,,,352.0,yes,,Arsenal;West Ham United;Blackburn Rovers,奈杰尔·温特伯恩
2002,Kolo Touré,Cote D’Ivoire,D,1981/3/19,,,,,,,,,,,,Arsenal,225.0,no,,0.0,no,,0.0,no,,,352.0,yes,,Arsenal;Manchester City;Liverpool,科洛·图雷
1887,Leon Osman,England,M,1981/5/17,,,,,,,,,,,,Everton,352.0,no,,0.0,no,,0.0,no,,,352.0,yes,,Everton,利昂·奥斯曼
462,Les Ferdinand,England,F,1966/12/8,,,,149.0,,,,,,,,,,,,,,,,,,,351.0,yes,,Queens Park Rangers;Newcastle United;Tottenham Hotspur;West Ham United;Leicester City;Bolton Wanderers,莱斯·费迪南德
720,Steve Watson,England,D,1974/4/1,,,,,,,,,,,,,,,,,,,,,,,351.0,yes,,Newcastle United;Aston Villa;Everton;West Bromwich Albion,史蒂夫·沃森
2417,Cesc Fàbregas,Spain,M,1987/5/4,,,,,,,,,,,,Arsenal,212.0,no,,0.0,no,,0.0,no,,,350.0,yes,,Arsenal;Chelsea,塞斯克·法布雷加斯
1692,Robbie Keane,Ireland,F,1980/7/8,,,,126.0,,,,,,,,Tottenham Hotspur,238.0,no,,0.0,no,,0.0,no,,,349.0,yes,,Coventry City;Leeds United;Tottenham Hotspur;Liverpool;West Ham United;Aston Villa,罗比·基恩
4496,César Azpilicueta,Spain,D,1989/8/28,,,,,,,,,,,,Chelsea,349.0,no,,0.0,no,,0.0,no,,,349.0,no,Sevilla FC,Chelsea,塞萨尔·阿斯皮利奎塔
1515,Paul Konchesky,England,D,1981/5/15,,,,,,,,,,,,,,,,,,,,,,,347.0,yes,,Charlton Athletic;West Ham United;Fulham;Liverpool,保罗·孔切斯基
706,Robbie Savage,Wales,M,1974/10/18,,,,,,,,,,,,,,,,,,,,,,,346.0,yes,,Leicester City;Birmingham City;Blackburn Rovers;Derby County,罗比·萨维奇
1,David Seaman,England,G,1963/9/19,,,,,145.0,,,,,,,Arsenal,325.0,no,,0.0,no,,0.0,no,,,344.0,yes,,Arsenal;Manchester City,大卫·希曼
3206,Shane Long,Ireland,F,1987/1/22,,,,,,,,,,,,Southampton,198.0,no,,0.0,no,,0.0,no,,,344.0,yes,,Reading;West Bromwich Albion;Hull City;Southampton,谢恩·朗
8979,Jamie Vardy,England,F,1987/1/11,2019,23.0,,145.0,,,2015,Leicester City,,,,Leicester City,342.0,no,,0.0,no,,0.0,no,2019,23.0,342.0,no,US Cremonese,Leicester City,杰米·瓦尔迪
569,Nick Barmby,England,M,1974/2/11,,,,,,,,,,,,,,,,,,,,,,,342.0,yes,,Tottenham Hotspur;Middlesbrough;Everton;Liverpool;Leeds United,尼克·巴姆比
78,Tim Sherwood,England,M,1969/2/6,,,,,,,,,,,,Blackburn Rovers,235.0,no,,0.0,no,,0.0,no,,,341.0,yes,,Norwich City;Blackburn Rovers;Tottenham Hotspur;Portsmouth;Coventry City,蒂姆·舍伍德
1943,Darren Fletcher,Scotland,M,1984/2/1,,,,,,,,,5.0,Manchester United,"2006–07, 2007–08, 2008–09, 2010–11, 2012–13",Manchester United,223.0,no,,0.0,no,,0.0,no,,,341.0,yes,,Manchester United;West Bromwich Albion;Stoke City,达伦·弗莱彻
3143,Joe Hart,England,G,1987/4/19,,,"14.0, 17.0, 18.0",,127.0,,,,,,,Manchester City,266.0,no,,0.0,no,,0.0,no,,,340.0,yes,,Manchester City;Birmingham City;West Ham United;Burnley,乔·哈特
8143,James Tarkowski,England,D,1992/11/19,,,,,,,,,,,,Burnley,194.0,no,,0.0,no,,0.0,no,,,338.0,no,Everton FC,Burnley;Everton,詹姆斯·塔科夫斯基
5140,Virgil van Dijk,Netherlands,D,1991/7/8,,,,,,,2018,Liverpool,,,,Liverpool,270.0,no,,0.0,no,,0.0,no,,,337.0,no,Liverpool FC,Southampton;Liverpool,维吉尔·范迪克
2078,Steed Malbranque,France,M,1980/1/6,,,,,,,,,,,,,,,,,,,,,,,336.0,yes,,Fulham;Tottenham Hotspur;Sunderland,斯蒂德·马尔布兰克
972,Kenny Cunningham,Ireland,D,1971/6/28,,,,,,,,,,,,,,,,,,,,,,,335.0,yes,,Wimbledon;Birmingham City;Sunderland,肯尼·康宁汉
4999,Son Heung-Min,South Korea,F,1992/7/8,2021,23.0,,127.0,,,,,,,,Tottenham Hotspur,333.0,no,,0.0,no,,0.0,no,2021,23.0,333.0,no,Los Angeles FC,Tottenham Hotspur,孙兴慜
1371,Hermann Hreidarsson,Iceland,D,1974/7/11,,,,,,,,,,,,,,,,,,,,,,,332.0,yes,,Crystal Palace;Wimbledon;Ipswich Town;Charlton Athletic;Portsmouth,赫尔曼·赫雷达尔松
10458,Andy Robertson,Scotland,D,1994/3/11,,,,,,,,,,,,Liverpool,274.0,no,,0.0,no,,0.0,no,,,331.0,no,Liverpool FC,Hull City;Liverpool,安迪·罗伯逊
1005,James Beattie,England,F,1978/2/27,,,,90.0,,,,,,,,Southampton,202.0,no,,0.0,no,,0.0,no,,,331.0,yes,,Blackburn Rovers;Southampton;Everton;Stoke City,詹姆斯·比蒂
528,Jason Dodd,England,D,1970/11/2,,,,,,,,,,,,Southampton,329.0,no,,0.0,no,,0.0,no,,,329.0,yes,,Southampton,贾森·多德
315,Denis Irwin,Ireland,D,1965/10/31,,,,,,Premier League 10 Seasons Awards,,,7.0,Manchester United,"1992–93, 1993–94, 1995–96, 1996–97, 1998–99, 1999–2000, 2000–01",Manchester United,296.0,no,,0.0,no,,0.0,no,,,328.0,yes,,Manchester United,丹尼斯·埃尔文
4748,Willian,Brazil,F,1988/8/9,,,,,,,,,,,,Chelsea,234.0,no,,0.0,no,,0.0,no,,,327.0,no,Grêmio Foot-Ball Porto Alegrense,Chelsea;Arsenal;Fulham,威廉
70,Graeme Le Saux,England,D,1968/10/17,,,,,,,,,,,,,,,,,,,,,,,327.0,yes,,Chelsea;Blackburn Rovers;Southampton,格雷姆·勒索
1208,Michael Owen,England,F,1979/12/14,"1997, 1998",18.0,,150.0,,,1997,Liverpool,,,,Liverpool,216.0,no,,0.0,no,,0.0,no,"1997, 1998","18.0, 18.0",326.0,yes,,Liverpool;Newcastle United;Manchester United;Stoke City,迈克尔·欧文
5178,Mohamed Salah,Egypt,F,1992/6/15,"2017, 2018, 2021, 2024","22.0, 23.0, 29.0, 32.0",,192.0,,,"2017, 2024",Liverpool,,,,Liverpool,313.0,no,,0.0,no,,0.0,no,"2017, 2018, 2021, 2024","32.0, 22.0, 23.0, 29.0",326.0,no,Liverpool FC,Chelsea;Liverpool,穆罕默德·萨拉赫
2413,Gaël Clichy,France,D,1985/7/26,,,,,,,,,3.0,"Arsenal (1), Manchester City (2)","2003–04, 2011–12, 2013–14",Arsenal,187.0,no,,0.0,no,,0.0,no,,,325.0,yes,,Arsenal;Manchester City,加埃尔·克里希
694,Gary Kelly,Ireland,D,1974/7/9,,,,,,,,,,,,Leeds United,325.0,no,,0.0,no,,0.0,no,,,325.0,yes,,Leeds United,加里·凯利
238,Gary McAllister,Scotland,M,1964/12/25,,,,,,,,,,,,,,,,,,,,,,,325.0,yes,,Coventry City;Liverpool,加里·麦卡利斯特
3285,Antonio Valencia,Ecuador,D,1985/8/4,,,,,,,,,,,,Manchester United,241.0,no,,0.0,no,,0.0,no,,,325.0,yes,,Wigan Athletic;Manchester United,安东尼奥·瓦伦西亚
1757,Kevin Kilbane,Ireland,M,1977/2/1,,,,,,,,,,,,,,,,,,,,,,,325.0,yes,,Coventry City;Everton;Sunderland;Wigan Athletic;Hull City,凯文·基尔班
2542,Matthew Taylor,England,M,1981/11/27,,,,,,,,,,,,,,,,,,,,,,,325.0,yes,,Portsmouth;Bolton Wanderers;West Ham United;Burnley,马修·泰勒
25,Kevin Campbell,England,F,1970/2/4,,,,83.0,,,,,,,,,,,,,,,,,,,325.0,yes,,Arsenal;Nottingham Forest;Everton,凯文·坎贝尔
4224,James McArthur,Scotland,M,1987/10/7,,,,,,,,,,,,Crystal Palace,240.0,no,,0.0,no,,0.0,no,,,323.0,yes,,Wigan Athletic;Crystal Palace,詹姆斯·麦克阿瑟
14,Martin Keown,England,D,1966/7/24,,,,,,,,,3.0,Arsenal,"1997–98, 2001–02, 2003–04",Arsenal,310.0,no,,0.0,no,,0.0,no,,,323.0,yes,,Everton;Arsenal;Aston Villa,马丁·基翁
2053,Robert Huth,Germany,D,1984/8/18,,,,,,,,,3.0,"Chelsea (2), Leicester City (1)","2004–05, 2005–06, 2015–16",,,,,,,,,,,,322.0,yes,,Chelsea;Middlesbrough;Stoke City;Leicester City,罗伯特·胡特
2622,Gabriel Agbonlahor,England,F,1986/10/13,,,,,,,,,,,,Aston Villa,322.0,no,,0.0,no,,0.0,no,,,322.0,yes,,Aston Villa,加布里埃尔·阿邦拉霍
2110,John Arne Riise,Norway,D,1980/9/24,,,,,,,,,,,,Liverpool,234.0,no,,0.0,no,,0.0,no,,,321.0,yes,,Liverpool;Fulham,约翰·阿尔内·里瑟
2054,William Gallas,France,D,1977/8/17,,,,,,,,,,,,,,,,,,,,,,,321.0,yes,,Chelsea;Arsenal;Tottenham Hotspur,威廉·加拉
3960,Harry Kane,England,F,1993/7/28,"2015, 2016, 2020","23.0, 25.0, 29.0",,213.0,,,,,,,,Tottenham Hotspur,317.0,no,,0.0,no,,0.0,no,"2015, 2016, 2020","25.0, 29.0, 23.0",320.0,no,Bayern Munich,Tottenham Hotspur,哈里·凯恩
566,Darren Anderton,England,M,1972/3/3,,,,,,,,,,,,Tottenham Hotspur,297.0,no,,0.0,no,,0.0,no,,,319.0,yes,,Tottenham Hotspur;Birmingham City;Portsmouth,达伦·安德顿
1033,Paul Telfer,Scotland,D,1971/10/21,,,,,,,,,,,,Coventry City,191.0,no,,0.0,no,,0.0,no,,,319.0,yes,,Coventry City;Southampton,保罗·特尔弗
125,Peter Atherton,England,D,1970/4/6,,,,,,,,,,,,Sheffield Wednesday,214.0,no,,0.0,no,,0.0,no,,,318.0,yes,,Coventry City;Sheffield Wednesday;Blackburn Rovers,彼得·阿瑟顿
4421,Gylfi Sigurdsson,Iceland,M,1989/9/8,,,,,,,,,,,,,,,,,,,,,,,318.0,no,Víkingur Reykjavík,Swansea City;Tottenham Hotspur;Everton,吉尔菲·西于尔兹松
4717,Alex Iwobi,Nigeria,F,1996/5/3,,,,,,,,,,,,,,,,,,,,,,,318.0,yes,,Arsenal;Everton;Fulham,亚历克斯·伊沃比
1710,Sami Hyypiä,Finland,D,1973/10/7,,,,,,,,,,,,Liverpool,318.0,no,,0.0,no,,0.0,no,,,318.0,yes,,Liverpool,萨米·海皮亚
4408,Ben Davies,Wales,D,1993/4/24,,,,,,,,,,,,Tottenham Hotspur,245.0,yes,,0.0,no,,0.0,no,,,316.0,no,Tottenham Hotspur,Swansea City;Tottenham Hotspur,本·戴维斯
3158,Ryan Shawcross,England,D,1987/10/4,,,,,,,,,,,,Stoke City,317.0,no,,0.0,no,,0.0,no,,,316.0,yes,,Manchester United;Stoke City,瑞恩·肖克罗斯
991,Dennis Bergkamp,Netherlands,F,1969/5/10,,,,87.0,,,,,3.0,Arsenal,"1997–98, 2001–02, 2003–04",Arsenal,315.0,no,,0.0,no,,0.0,no,,,315.0,yes,,Arsenal,丹尼斯·博格坎普
1458,Wayne Bridge,England,D,1980/8/5,,,,,,,,,,,,,,,,,,,,,,,315.0,yes,,Southampton;Chelsea;Fulham;Manchester City;Sunderland,韦恩·布里奇
1934,Shaun Wright-Phillips,England,M,1981/10/25,,,,,,,,,,,,,,,,,,,,,,,315.0,yes,,Manchester City;Chelsea;Queens Park Rangers,肖恩·赖特-菲利普斯
2070,Edwin van der Sar,Netherlands,G,1970/10/29,,,21.0,,136.0,,,,4.0,Manchester United,"2006–07, 2007–08, 2008–09, 2010–11",,,,,,,,,,,,313.0,yes,,Fulham;Manchester United,埃德温·范德萨
8897,Aaron Cresswell,England,D,1989/12/15,,,,,,,,,,,,West Ham United,312.0,no,,0.0,no,,0.0,no,,,312.0,no,Stoke City,West Ham United,阿隆·克雷斯韦尔
338,Dion Dublin,England,F,1969/4/22,1997,18.0,,111.0,,,,,,,,,,,,,,,,,1997,18.0,312.0,yes,,Manchester United;Coventry City;Aston Villa;Leicester City,迪翁·都柏林
544,Ian Walker,England,G,1971/10/31,,,,,,,,,,,,Tottenham Hotspur,240.0,no,,0.0,no,,0.0,no,,,312.0,yes,,Tottenham Hotspur;Leicester City;Bolton Wanderers,伊恩·沃克
15202,Declan Rice,England,M,1999/1/14,,,,,,,,,,,,West Ham United,204.0,no,,0.0,no,,0.0,no,,,312.0,no,Arsenal FC,Arsenal;West Ham United,德克兰·赖斯
2529,James Morrison,Scotland,M,1986/5/25,,,,,,,,,,,,West Bromwich Albion,244.0,no,,0.0,no,,0.0,no,,,311.0,yes,,Middlesbrough;West Bromwich Albion,詹姆斯·莫里森
4845,Christian Eriksen,Denmark,M,1992/2/14,,,,,,,,,,,,Tottenham Hotspur,226.0,no,,0.0,no,,0.0,no,,,310.0,no,VfL Wolfsburg,Tottenham Hotspur;Brentford;Manchester United,克里斯蒂安·埃里克森
3564,Marc Albrighton,England,M,1989/11/18,,,,,,,,,,,,Leicester City,224.0,no,,0.0,no,,0.0,no,,,310.0,yes,,Aston Villa;Leicester City,马克·奥尔布赖顿
307,Peter Schmeichel,Denmark,G,1963/11/18,,,,,129.0,Premier League 10 Seasons Awards,1995,Manchester United,5.0,Manchester United,"1992–93, 1993–94, 1995–96, 1996–97, 1998–99",Manchester United,252.0,no,,0.0,no,,0.0,no,,,310.0,yes,,Manchester United;Aston Villa;Manchester City,彼得·舒梅切尔
4145,David Silva,Spain,M,1986/1/8,,,,,,,,,4.0,Manchester City,"2011–12, 2013–14, 2017–18, 2018–19",Manchester City,309.0,no,,0.0,no,,0.0,no,,,309.0,yes,,Manchester City,大卫·席尔瓦
3929,Joel Ward,England,D,1989/10/29,,,,,,,,,,,,Crystal Palace,306.0,no,,0.0,no,,0.0,no,,,309.0,no,Swansea City,Portsmouth;Crystal Palace,乔尔·沃德
1211,Wes Brown,England,D,1979/10/13,,,,,,,,,5.0,Manchester United,"1998–99, 2000–01, 2002–03, 2006–07, 2007–08",Manchester United,232.0,no,,0.0,no,,0.0,no,,,308.0,yes,,Manchester United;Sunderland,韦斯·布朗
1132,Patrick Vieira,France,M,1976/6/23,,,,,,Premier League 10 Seasons Awards,2000,Arsenal,3.0,Arsenal,"1997–98, 2001–02, 2003–04",Arsenal,279.0,no,,0.0,no,,0.0,no,,,307.0,yes,,Arsenal;Manchester City,帕特里克·维埃拉
2423,Steven Davis,Northern Ireland,M,1985/1/1,,,,,,,,,,,,Southampton,193.0,no,,0.0,no,,0.0,no,,,306.0,yes,,Aston Villa;Southampton,史蒂文·戴维斯
326,Paul Ince,England,M,1967/10/21,,,,,,,,,,,,,,,,,,,,,,,306.0,yes,,Manchester United;Liverpool;Middlesbrough;Wolverhampton Wanderers,保罗·因斯
72,Alan Wright,England,D,1971/9/28,,,,,,,,,,,,Aston Villa,260.0,no,,0.0,no,,0.0,no,,,305.0,yes,,Aston Villa,阿兰·赖特
4618,Adam Lallana,England,M,1988/5/10,,,,,,,,,,,,,,,,,,,,,,,305.0,yes,,Southampton,亚当·拉拉纳
5595,Jordan Ayew,Ghana,F,1991/9/11,,,,,,,,,,,,Crystal Palace,195.0,no,,0.0,no,,0.0,no,,,305.0,no,Leicester City,Aston Villa;Swansea City;Crystal Palace;Leicester City,乔丹·阿尤
4539,Wilfried Zaha,Cote D’Ivoire,F,1992/11/10,,,,,,,,,,,,Crystal Palace,291.0,no,,0.0,no,,0.0,no,,,305.0,no,Charlotte FC,Crystal Palace,威尔弗里德·扎哈
13,Lee Dixon,England,D,1964/3/17,,,,,,,,,,,,Arsenal,305.0,no,,0.0,no,,0.0,no,,,305.0,yes,,Arsenal,李·迪克森
2889,Jack Cork,England,D,1989/6/25,,,,,,,,,,,,,,,,,,,,,,,304.0,no,Burnley FC U21,Burnley,杰克·科克
1775,Simon Davies,Wales,M,1979/10/23,,,,,,,,,,,,,,,,,,,,,,,303.0,yes,,Fulham,西蒙·戴维斯
4198,Craig Dawson,England,D,1990/5/6,,,,,,,,,,,,,,,,,,,,,,,303.0,no,,West Bromwich Albion;Watford;West Ham United;Wolverhampton Wanderers,克雷格·道森
2517,Phil Bardsley,Scotland,D,1985/6/28,,,,,,,,,,,,,,,,,,,,,,,303.0,yes,,Manchester United;Sunderland;Stoke City;Burnley,菲尔·巴兹利
4115,Ross Barkley,England,M,1993/12/5,,,,,,,,,,,,,,,,,,,,,,,303.0,no,Aston Villa,Aston Villa;Chelsea,罗斯·巴克利
1597,Nolberto Solano,Peru,M,1974/12/12,,,,,,,,,,,,Newcastle United,230.0,no,,0.0,no,,0.0,no,,,302.0,yes,,Newcastle United,诺尔伯托·索拉诺
3654,Pablo Zabaleta,Argentina,D,1985/1/16,,,,,,,,,,,,Manchester City,230.0,no,,0.0,no,,0.0,no,,,302.0,yes,,West Ham United;Manchester City,巴勃罗·萨巴莱塔
1042,Gavin McCann,England,M,1978/1/10,,,,,,,,,,,,,,,,,,,,,,,301.0,yes,,Everton;Sunderland;Aston Villa;Bolton Wanderers,加文·麦卡恩
300,Garry Flitcroft,England,M,1972/11/6,,,,,,,,,,,,Blackburn Rovers,186.0,no,,0.0,no,,0.0,no,,,301.0,yes,,Blackburn Rovers,加里·弗利特克罗夫特
5067,Bernardo Silva,Portugal,M,1994/8/10,,,,,,,,,6.0,Manchester City,"2017–18, 2018–19, 2020–21, 2021–22, 2022–23, 2023–24",Manchester City,301.0,yes,,0.0,no,,0.0,no,,,301.0,no,Manchester City,Manchester City,贝尔纳多·席尔瓦
1962,Shola Ameobi,Nigeria,F,1981/10/12,,,,,,,,,,,,Newcastle United,295.0,no,,0.0,no,,0.0,no,,,298.0,yes,,Newcastle United,朔拉·阿梅奥比
2681,Wayne Routledge,England,M,1985/1/7,,,,,,,,,,,,Swansea City,198.0,no,,0.0,no,,0.0,no,,,297.0,yes,,Swansea City,韦恩·劳特利奇
339,Mark Hughes,Wales,F,1963/11/1,,,,,,,,,,,,,,,,,,,,,,,297.0,yes,,Manchester United;Chelsea;Southampton;Everton;Blackburn Rovers,马克·休斯
8163,Lewis Dunk,England,D,1991/11/21,,,,,,,,,,,,Brighton & Hove Albion,297.0,yes,,0.0,no,,0.0,no,,,297.0,no,Brighton & Hove Albion,Brighton & Hove Albion,路易斯·邓克
13565,Marcus Rashford,England,F,1997/10/31,,,,89.0,,,,,,,,Manchester United,287.0,no,,0.0,no,,0.0,no,,,297.0,no,FC Barcelona,Manchester United,马库斯·拉什福德
2911,Pepe Reina,Spain,G,1982/8/31,,,"18.0, 19.0, 20.0",,136.0,,,,,,,Liverpool,285.0,no,,0.0,no,,0.0,no,,,297.0,yes,,Liverpool;Aston Villa,佩佩·雷纳
1306,Luís Boa Morte,Portugal,M,1977/8/4,,,,,,,,,,,,,,,,,,,,,,,295.0,yes,,Arsenal;Southampton;Fulham;West Ham United,路易斯·博阿莫特
4549,Moussa Sissoko,France,M,1989/8/16,,,,,,,,,,,,,,,,,,,,,,,295.0,yes,,Newcastle United;Tottenham Hotspur;Watford,穆萨·西索科
262,Jamie Redknapp,England,M,1973/6/25,,,,,,,,,,,,Liverpool,231.0,no,,0.0,no,,0.0,no,,,295.0,yes,,Liverpool,杰米·雷德克纳普
111,Graham Stuart,England,M,1970/10/24,,,,,,,,,,,,,,,,,,,,,,,294.0,yes,,Everton;Charlton Athletic,格雷厄姆·斯图尔特
4608,Luke Shaw,England,D,1995/7/12,,,,,,,,,,,,Manchester United,234.0,yes,,0.0,no,,0.0,no,,,294.0,no,Manchester United,Manchester United;Southampton,卢克·肖
1869,Craig Bellamy,Wales,F,1979/7/13,,,,,,,,,,,,,,,,,,,,,,,293.0,yes,,Coventry City;Newcastle United;Blackburn Rovers;Liverpool;West Ham United;Manchester City;Cardiff City,克雷格·贝拉米
1890,Titus Bramble,England,D,1981/7/31,,,,,,,,,,,,,,,,,,,,,,,292.0,yes,,Sunderland,泰图斯·布兰布尔
5861,Cheikhou Kouyaté,Senegal,M,1989/12/21,,,,,,,,,,,,,,,,,,,,,,,291.0,no,,West Ham United;Crystal Palace;Nottingham Forest,谢库·库亚特
3724,Andros Townsend,England,M,1991/7/16,,,,,,,,,,,,,,,,,,,,,,,291.0,no,Kanchanaburi Power FC,Tottenham Hotspur;Queens Park Rangers;Newcastle United;Crystal Palace;Everton;Luton Town,安德罗斯·汤森
524,Jeff Kenna,Ireland,D,1970/8/27,,,,,,,,,,,,,,,,,,,,,,,290.0,yes,,Derby County,杰夫·肯纳
1246,Claus Lundekvam,Norway,D,1973/2/22,,,,,,,,,,,,Southampton,290.0,no,,0.0,no,,0.0,no,,,290.0,yes,,Southampton,克劳斯·伦德克瓦姆
3517,James Tomkins,England,D,1989/3/29,,,,,,,,,,,,,,,,,,,,,,,289.0,yes,,West Ham United;Crystal Palace,詹姆斯·汤姆金斯
453,Andy Impey,England,M,1971/9/30,,,,,,,,,,,,,,,,,,,,,,,289.0,yes,,Nottingham Forest,安迪·因佩
9566,Harry Maguire,England,D,1993/3/5,,,,,,,,,,,,,,,,,,,,,,,289.0,yes,,Manchester United,哈里·马奎尔
1598,Louis Saha,France,F,1978/8/8,,,,84.0,,,,,,,,,,,,,,,,,,,289.0,yes,,Newcastle United;Fulham;Manchester United;Everton;Tottenham Hotspur;Sunderland,路易斯·萨哈
1772,Matthew Etherington,England,M,1981/8/14,,,,,,,,,,,,,,,,,,,,,,,288.0,yes,,Stoke City,马修·埃瑟林顿
41,Steve Staunton,Ireland,D,1969/1/19,,,,,,,,,,,,Aston Villa,244.0,no,,0.0,no,,0.0,no,,,288.0,yes,,Coventry City;Aston Villa,史蒂夫·斯汤顿
103,Frank Sinclair,Jamaica,D,1971/12/3,,,,,,,,,,,,,,,,,,,,,,,288.0,yes,,Chelsea;Leicester City,弗兰克·辛克莱尔
1131,Matt Upson,England,D,1979/4/18,,,,,,,,,,,,,,,,,,,,,,,288.0,yes,,Arsenal;Birmingham City;West Ham United;Stoke City;Leicester City,马特·厄普森
2058,Carlton Cole,England,F,1983/10/12,,,,,,,,,,,,West Ham United,216.0,no,,0.0,no,,0.0,no,,,288.0,yes,,West Ham United,卡尔顿·科尔
1413,Jimmy Floyd Hasselbaink,Netherlands,F,1972/3/27,"1998, 2000","18.0, 23.0",,127.0,,,,,,,,,,,,,,,,,"1998, 2000","18.0, 23.0",288.0,yes,,Leeds United;Chelsea;Middlesbrough;Charlton Athletic,吉米·弗洛伊德·哈塞尔巴因克
4288,Kevin De Bruyne,Belgium,M,1991/6/28,,,,,,,"2019, 2021",Manchester City,6.0,Manchester City,"2017–18, 2018–19, 2020–21, 2021–22, 2022–23, 2023–24",Manchester City,285.0,no,,0.0,no,,0.0,no,,,288.0,no,SSC Napoli,Chelsea;Manchester City,凯文·德布劳内
2574,Joleon Lescott,England,D,1982/8/16,,,,,,,,,,,,,,,,,,,,,,,287.0,yes,,Everton;Manchester City;West Bromwich Albion;Aston Villa;Sunderland,乔莱昂·莱斯科特
4489,Ashley Westwood,England,M,1990/4/1,,,,,,,,,,,,,,,,,,,,,,,286.0,no,Charlotte FC,Aston Villa;Burnley,阿什利·韦斯特伍德
2805,Michael Dawson,England,D,1983/11/18,,,,,,,,,,,,Tottenham Hotspur,236.0,no,,0.0,no,,0.0,no,,,286.0,yes,,Hull City;Tottenham Hotspur,迈克尔·道森
488,Brian Deane,England,F,1968/2/7,,,,,,,,,,,,,,,,,,,,,,,286.0,yes,,Sunderland,布赖恩·迪恩
519,Tim Flowers,England,G,1967/2/3,,,,,88.0,,,,,,,,,,,,,,,,,,286.0,yes,,Southampton;Blackburn Rovers;Leicester City,蒂姆·弗劳尔斯
1412,Alan Smith,England,M,1980/10/28,,,,,,,,,,,,,,,,,,,,,,,285.0,yes,,Leeds United;Manchester United;Newcastle United,阿兰·史密斯
2508,Kasper Schmeichel,Denmark,G,1986/11/5,,,,,83.0,,,,,,,Leicester City,276.0,no,,0.0,no,,0.0,no,,,284.0,no,Celtic FC,Leicester City,卡斯帕·舒梅切尔
1677,Mario Melchiot,Netherlands,D,1976/11/4,,,,,,,,,,,,,,,,,,,,,,,284.0,yes,,Chelsea;Birmingham City;Wigan Athletic,马里奥·梅尔基奥特
8983,Riyad Mahrez,Algeria,F,1991/2/21,,,,82.0,,,,,5.0,"Leicester City (1), Manchester City (4)","2015–16, 2018–19, 2020–21, 2021–22, 2022–23",,,,,,,,,,,,284.0,no,Al-Ahli SFC,Leicester City;Manchester City,里亚德·马赫雷斯
2704,Mikel Arteta,Spain,M,1982/3/26,,,,,,,,,,,,,,,,,,,,,,,284.0,yes,,Everton;Arsenal,米克尔·阿尔特塔
4333,Michael Keane,England,D,1993/1/11,,,,,,,,,,,,Everton,227.0,no,,0.0,no,,0.0,no,,,284.0,no,Everton FC,Everton;Burnley,迈克尔·基恩
2075,Zat Knight,England,D,1980/5/2,,,,,,,,,,,,,,,,,,,,,,,284.0,yes,,Reading,扎特·奈特
1175,Lee Carsley,Ireland,M,1974/2/28,,,,,,,,,,,,,,,,,,,,,,,282.0,yes,,Derby County;Blackburn Rovers;Coventry City;Everton;Birmingham City,李·卡斯利
2613,Sebastian Larsson,Sweden,M,1985/6/6,,,,,,,,,,,,,,,,,,,,,,,282.0,yes,,Arsenal;Birmingham City;Sunderland;Hull City,塞巴斯蒂安·拉尔森
2755,Charles N'Zogbia,France,M,1986/5/28,,,,,,,,,,,,,,,,,,,,,,,281.0,yes,,Aston Villa,查尔斯·恩佐比亚
23,Paul Merson,England,M,1968/3/20,,,,,,,,,,,,,,,,,,,,,,,280.0,yes,,Arsenal;Middlesbrough;Aston Villa;Portsmouth,保罗·默森
2127,Jermaine Jenas,England,M,1983/2/18,,,,,,,,,,,,,,,,,,,,,,,280.0,yes,,Newcastle United;Tottenham Hotspur;Aston Villa;Queens Park Rangers,杰梅因·耶纳斯
2616,Robin van Persie,Netherlands,F,1983/8/6,"2011, 2012","26.0, 30.0",,144.0,,,,,,,,Arsenal,194.0,no,,0.0,no,,0.0,no,"2011, 2012","30.0, 26.0",280.0,yes,,Arsenal;Manchester United,罗宾·范佩西
1664,Andy O'Brien,Ireland,D,1979/6/29,,,,,,,,,,,,,,,,,,,,,,,280.0,yes,,Leeds United,安迪·奥布赖恩
8980,Jeffrey Schlupp,Ghana,M,1992/12/23,,,,,,,,,,,,Crystal Palace,220.0,no,,0.0,no,,0.0,no,,,280.0,no,Norwich City,Norwich City;Crystal Palace,杰弗里·施鲁普
721,Robert Lee,England,M,1966/2/1,,,,,,,,,,,,Newcastle United,267.0,no,,0.0,no,,0.0,no,,,280.0,yes,,Newcastle United,罗伯特·李
4492,Christian Benteke,Belgium,F,1990/12/3,,,,86.0,,,,,,,,,,,,,,,,,,,280.0,no,Al-Wahda FC,Aston Villa;Liverpool;Crystal Palace,克里斯蒂安·本特克
2018,Lucas Neill,Australia,D,1978/3/9,,,,,,,,,,,,Blackburn Rovers,188.0,no,,0.0,no,,0.0,no,,,279.0,yes,,Blackburn Rovers,卢卡斯·尼尔
13823,Abdoulaye Doucouré,Mali,M,1993/1/1,,,,,,,,,,,,,,,,,,,,,,,278.0,no,NEOM SC,Watford;Everton,阿卜杜拉耶·杜库雷
4135,Jonjo Shelvey,England,M,1992/2/27,,,,,,,,,,,,,,,,,,,,,,,278.0,yes,,Liverpool;Swansea City;Newcastle United;Nottingham Forest,琼乔·谢尔维
4290,Romelu Lukaku,Belgium,F,1993/5/13,,,,121.0,,,,,,,,,,,,,,,,,,,278.0,yes,,Chelsea;West Bromwich Albion;Everton;Manchester United,罗梅卢·卢卡库
3010,James Collins,Wales,D,1983/8/23,,,,,,,,,,,,West Ham United,188.0,no,,0.0,no,,0.0,no,,,278.0,yes,,Ipswich Town;West Ham United,詹姆斯·柯林斯
2934,Patrice Evra,France,D,1981/5/15,,,,,,,,,5.0,Manchester United,"2006–07, 2007–08, 2008–09, 2010–11, 2012–13",Manchester United,273.0,no,,0.0,no,,0.0,no,,,278.0,yes,,Manchester United,帕特里斯·埃弗拉
4287,Juan Mata,Spain,M,1988/4/28,,,,,,,,,,,,,,,,,,,,,,,278.0,yes,,Chelsea;Manchester United,胡安·马塔
107,Dennis Wise,England,M,1966/12/16,,,,,,,,,,,,Chelsea,261.0,no,,0.0,no,,0.0,no,,,278.0,yes,,Chelsea,丹尼斯·怀斯
590,Warren Barton,England,D,1969/3/19,,,,,,,,,,,,,,,,,,,,,,,277.0,yes,,Wimbledon;Newcastle United;Derby County,沃伦·巴顿
3909,Ben Mee,England,D,1989/9/21,,,,,,,,,,,,Burnley,217.0,no,,0.0,no,,0.0,no,,,277.0,no,Sheffield United,Sheffield United;Burnley,本·米
259,Dominic Matteo,Scotland,D,1974/4/28,,,,,,,,,,,,,,,,,,,,,,,276.0,yes,,Liverpool;Leeds United;Blackburn Rovers;Stoke City,多米尼克·马特奥
3811,Nathan Redmond,England,M,1994/3/6,,,,,,,,,,,,Southampton,195.0,no,,0.0,no,,0.0,no,,,276.0,no,Blackburn Rovers,Blackburn Rovers;Southampton,内森·雷德蒙德
12707,Ederson,Brazil,G,1993/8/17,,,"16.0, 19.0, 20.0",,127.0,,,,6.0,Manchester City,"2017–18, 2018–19, 2020–21, 2021–22, 2022–23, 2023–24",Manchester City,276.0,no,,0.0,no,,0.0,no,,,276.0,no,Fenerbahce,Manchester City,埃德森
2299,Glenn Whelan,Ireland,M,1984/1/13,,,,,,,,,,,,Stoke City,276.0,no,,0.0,no,,0.0,no,,,276.0,yes,,Stoke City,格伦·惠兰
2098,Darren Bent,England,F,1984/2/6,,,,106.0,,,,,,,,,,,,,,,,,,,276.0,yes,,Ipswich Town;Charlton Athletic;Tottenham Hotspur;Sunderland;Aston Villa;Fulham,达伦·本特
4604,Nathaniel Clyne,England,D,1991/4/5,,,,,,,,,,,,,,,,,,,,,,,276.0,yes,,Crystal Palace;Liverpool,内森尼尔·克莱因
3756,Chris Wood,New Zealand,F,1991/12/7,,,,91.0,,,,,,,,,,,,,,,,,,,276.0,no,Nottingham Forest,Nottingham Forest,克里斯·伍德
271,Steve McManaman,England,M,1972/2/11,,,,,,,,,,,,Liverpool,240.0,no,,0.0,no,,0.0,no,,,275.0,yes,,Liverpool,史蒂夫·麦克马纳曼
74,Henning Berg,Norway,D,1969/9/1,,,,,,,,,3.0,"Blackburn Rovers (1), Manchester United (2)","1994–95, 1998–99, 1999–2000",Blackburn Rovers,209.0,no,,0.0,no,,0.0,no,,,275.0,yes,,Blackburn Rovers;Manchester United,亨宁·博格
4328,Sergio Agüero,Argentina,F,1988/6/2,2014,26.0,,184.0,,,,,5.0,Manchester City,"2011–12, 2013–14, 2017–18, 2018–19, 2020–21",Manchester City,275.0,no,,0.0,no,,0.0,no,2014,26.0,275.0,yes,,Manchester City,塞尔吉奥·阿圭罗
1719,Mikaël Silvestre,France,D,1977/8/9,,,,,,,,,4.0,Manchester United,"1999–2000, 2000–01, 2002–03, 2006–07",Manchester United,249.0,no,,0.0,no,,0.0,no,,,275.0,yes,,Manchester United,米凯尔·西尔维斯特
1049,Harry Kewell,Australia,M,1978/9/22,,,,,,,,,,,,Leeds United,181.0,no,,0.0,no,,0.0,no,,,274.0,yes,,Leeds United,哈里·科威尔
3360,Branislav Ivanovic,Serbia,D,1984/2/22,,,,,,,,,3.0,Chelsea,"2009–10, 2014–15, 2016–17",Chelsea,261.0,no,,0.0,no,,0.0,no,,,274.0,yes,,West Bromwich Albion;Chelsea,布拉尼斯拉夫·伊万诺维奇
4112,Eric Dier,England,D,1994/1/15,,,,,,,,,,,,Tottenham Hotspur,274.0,no,,0.0,no,,0.0,no,,,274.0,no,AS Monaco,Tottenham Hotspur,埃里克·戴尔
1168,Chris Powell,England,D,1969/9/8,,,,,,,,,,,,Charlton Athletic,187.0,no,,0.0,no,,0.0,no,,,274.0,yes,,Leicester City;Charlton Athletic,克里斯·鲍威尔
24630,Richarlison,Brazil,F,1997/5/10,,,,,,,,,,,,,,,,,,,,,,,273.0,no,Tottenham Hotspur,Tottenham Hotspur;Everton,理查利森
1502,Kanu,Nigeria,F,1976/8/1,,,,,,,,,,,,,,,,,,,,,,,273.0,yes,,Portsmouth,卡努
80,Jason Wilcox,England,M,1971/7/15,,,,,,,,,,,,Blackburn Rovers,192.0,no,,0.0,no,,0.0,no,,,273.0,yes,,Leicester City;Blackburn Rovers,贾森·威尔考克斯
9576,Dominic Calvert-Lewin,England,F,1997/3/16,,,,,,,,,,,,Everton,239.0,no,,0.0,no,,0.0,no,,,272.0,no,Leeds United,Leeds United;Everton,多米尼克·卡尔弗特-卢因
3979,James McCarthy,Ireland,M,1990/11/12,,,,,,,,,,,,,,,,,,,,,,,272.0,yes,,Wigan Athletic;Everton;Crystal Palace,詹姆斯·麦卡锡
2949,Lee Cattermole,England,M,1988/3/21,,,,,,,,,,,,,,,,,,,,,,,271.0,yes,,Sunderland,李·卡特莫尔
4979,Adama Traoré,Spain,F,1996/1/25,,,,,,,,,,,,,,,,,,,,,,,271.0,no,West Ham United,West Ham United;Fulham,阿达马·特拉奥雷
533,Matthew Le Tissier,England,M,1968/10/14,,,,101.0,,,,,,,,Southampton,270.0,no,,0.0,no,,0.0,no,,,270.0,yes,,Southampton,马修·勒蒂西耶
3744,Chris Brunt,Northern Ireland,M,1984/12/14,,,,,,,,,,,,West Bromwich Albion,269.0,no,,0.0,no,,0.0,no,,,269.0,yes,,West Bromwich Albion,克里斯·布伦特
2303,Joey Barton,England,M,1982/9/2,,,,,,,,,,,,,,,,,,,,,,,269.0,yes,,Burnley,乔伊·巴顿
877,Duncan Ferguson,Scotland,F,1971/12/27,,,,,,,,,,,,Everton,239.0,no,,0.0,no,,0.0,no,,,269.0,yes,,Everton,邓肯·弗格森
8454,Callum Wilson,England,F,1992/2/27,,,,93.0,,,,,,,,,,,,,,,,,,,269.0,no,West Ham United,West Ham United,卡勒姆·威尔逊
1595,Dietmar Hamann,Germany,M,1973/8/27,,,,,,,,,,,,Liverpool,191.0,no,,0.0,no,,0.0,no,,,268.0,yes,,Liverpool,迪特马尔·哈曼
9595,Michail Antonio,Jamaica,F,1990/3/28,,,,,,,,,,,,West Ham United,268.0,no,,0.0,no,,0.0,no,,,268.0,no,Al-Sailiya SC,West Ham United,米凯尔·安东尼奥
1627,Ledley King,England,D,1980/10/12,,,,,,,,,,,,Tottenham Hotspur,268.0,no,,0.0,no,,0.0,no,,,268.0,yes,,Tottenham Hotspur,勒德利·金
3311,Bacary Sagna,France,D,1983/2/14,,,,,,,,,,,,Arsenal,213.0,no,,0.0,no,,0.0,no,,,267.0,yes,,Arsenal,巴卡里·萨尼亚
243,David Batty,England,M,1968/12/2,,,,,,,,,,,,,,,,,,,,,,,266.0,yes,,Leeds United;Blackburn Rovers;Newcastle United,大卫·巴蒂
2758,Robert Green,England,G,1980/1/18,,,,,,,,,,,,,,,,,,,,,,,266.0,yes,,Chelsea,罗伯特·格林
937,Colin Cooper,England,D,1967/2/28,,,,,,,,,,,,,,,,,,,,,,,266.0,yes,,Nottingham Forest;Middlesbrough,科林·库珀
1881,Tony Hibbert,England,D,1981/2/20,,,,,,,,,,,,Everton,265.0,no,,0.0,no,,0.0,no,,,265.0,yes,,Everton,托尼·希伯特
2274,Adam Johnson,England,M,1987/7/14,,,,,,,,,,,,,,,,,,,,,,,265.0,yes,,Middlesbrough;Manchester City;Sunderland,亚当·约翰逊
3653,Vincent Kompany,Belgium,D,1986/4/10,,,,,,,2011,Manchester City,4.0,Manchester City,"2011–12, 2013–14, 2017–18, 2018–19",Manchester City,265.0,no,,0.0,no,,0.0,no,,,265.0,yes,,Manchester City,文森特·孔帕尼
331,David Beckham,England,M,1975/5/2,,,,,,Premier League 10 Seasons Awards,,,6.0,Manchester United,"1995–96, 1996–97, 1998–99, 1999–2000, 2000–01, 2002–03",Manchester United,265.0,no,,0.0,no,,0.0,no,,,265.0,yes,,Manchester United,大卫·贝克汉姆
1982,Kieran Richardson,England,D,1984/10/21,,,,,,,,,,,,,,,,,,,,,,,265.0,yes,,Manchester United;West Bromwich Albion;Sunderland;Fulham;Aston Villa,基兰·理查德森
1309,Darius Vassell,England,F,1980/6/13,,,,,,,,,,,,,,,,,,,,,,,265.0,yes,,Leicester City,达里乌斯·瓦塞尔
1118,Jason Euell,Jamaica,F,1977/2/6,,,,,,,,,,,,,,,,,,,,,,,264.0,yes,,Wimbledon;Charlton Athletic;Middlesbrough,贾森·尤尔
4804,Fernandinho,Brazil,M,1985/5/4,,,,,,,,,5.0,Manchester City,"2013–14, 2017–18, 2018–19, 2020–21, 2021–22",Manchester City,264.0,no,,0.0,no,,0.0,no,,,264.0,yes,,Manchester City,费尔南迪尼奥
750,Des Walker,England,D,1965/11/26,,,,,,,,,,,,Sheffield Wednesday,264.0,no,,0.0,no,,0.0,no,,,264.0,yes,,Sheffield Wednesday,德斯·沃克
6519,Sadio Mané,Senegal,F,1992/4/10,2018,22.0,,111.0,,,,,,,,Liverpool,196.0,no,,0.0,no,,0.0,no,2018,22.0,263.0,no,Al-Nassr FC,Southampton;Liverpool,萨迪奥·马内
1768,Kevin Phillips,England,F,1973/7/25,1999,30.0,,92.0,,,1999,Sunderland,,,,,,,,,,,,,1999,30.0,263.0,yes,,Sunderland;Southampton;Aston Villa;West Bromwich Albion;Birmingham City;Crystal Palace,凯文·菲利普斯
406,Steve Stone,England,M,1971/8/20,,,,,,,,,,,,,,,,,,,,,,,263.0,yes,,Nottingham Forest;Aston Villa;Leicester City;Portsmouth,史蒂夫·斯通
2886,Ryan Bertrand,England,D,1989/8/5,,,,,,,,,,,,Southampton,214.0,no,,0.0,no,,0.0,no,,,262.0,yes,,Southampton,瑞恩·伯特兰
3548,Aaron Ramsey,Wales,M,1990/12/26,,,,,,,,,,,,,,,,,,,,,,,262.0,yes,,Cardiff City;Arsenal,阿隆·拉姆塞
320,Gary Pallister,England,D,1965/6/30,,,,,,,,,4.0,Manchester United,"1992–93, 1993–94, 1995–96, 1996–97",,,,,,,,,,,,261.0,yes,,Manchester United,加里·帕利斯特
497,Carlton Palmer,England,D,1965/12/5,,,,,,,,,,,,,,,,,,,,,,,261.0,yes,,Sheffield Wednesday;Leeds United;Coventry City;Southampton,卡尔顿·帕尔默
3604,Marouane Fellaini,Belgium,M,1987/11/22,,,,,,,,,,,,,,,,,,,,,,,260.0,yes,,Manchester United,马鲁万·费莱尼
2847,Craig Gardner,England,M,1986/11/25,,,,,,,,,,,,,,,,,,,,,,,260.0,yes,,Aston Villa;Birmingham City;Sunderland;West Bromwich Albion,克雷格·加德纳
14732,Trent Alexander-Arnold,England,D,1998/10/7,,,,,,,,,,,,Liverpool,259.0,no,,0.0,no,,0.0,no,,,259.0,no,Real Madrid,Liverpool,特伦特·亚历山大-阿诺德
2636,Morten Pedersen,Norway,M,1981/9/8,,,,,,,,,,,,Blackburn Rovers,259.0,no,,0.0,no,,0.0,no,,,259.0,yes,,Blackburn Rovers,莫滕·佩德森
3851,Jay Rodriguez,England,F,1989/7/29,,,,,,,,,,,,,,,,,,,,,,,258.0,yes,,Burnley;Southampton;West Bromwich Albion,杰伊·罗德里格斯
1659,Thierry Henry,France,F,1977/8/17,"2001, 2003, 2004, 2005","24.0, 25.0, 27.0, 30.0",,175.0,,Premier League 20 Seasons Awards,"2003, 2005",Arsenal,,,,Arsenal,258.0,no,,0.0,no,,0.0,no,"2001, 2003, 2004, 2005","24.0, 30.0, 25.0, 27.0",258.0,yes,,Arsenal,蒂埃里·亨利
228,David Wetherall,England,D,1971/3/14,,,,,,,,,,,,Leeds United,201.0,no,,0.0,no,,0.0,no,,,257.0,yes,,Leeds United,大卫·韦瑟雷尔
2013,Liam Ridgewell,England,D,1984/7/21,,,,,,,,,,,,,,,,,,,,,,,257.0,yes,,Aston Villa;Birmingham City;West Bromwich Albion,利亚姆·里奇韦尔
12136,Granit Xhaka,Switzerland,M,1992/9/27,,,,,,,,,,,,Arsenal,225.0,no,,0.0,no,,0.0,no,,,257.0,no,Sunderland AFC,Sunderland;Arsenal,格拉尼特·扎卡
13511,Roberto Firmino,Brazil,F,1991/10/2,,,,82.0,,,,,,,,Liverpool,256.0,no,,0.0,no,,0.0,no,,,256.0,no,Al-Sadd SC,Liverpool,罗伯托·菲尔米诺
2537,Asmir Begovic,Bosnia & Herzegovina,G,1987/6/20,,,,,,,,,,,,,,,,,,,,,,,256.0,no,Leicester City,Leicester City,阿斯米尔·贝戈维奇
3,Tony Adams,England,D,1966/10/10,,,,,,Premier League 10 Seasons Awards,,,,,,Arsenal,255.0,no,,0.0,no,,0.0,no,,,255.0,yes,,Arsenal,托尼·亚当斯
4030,Laurent Koscielny,France,D,1985/9/10,,,,,,,,,,,,Arsenal,255.0,no,,0.0,no,,0.0,no,,,255.0,yes,,Arsenal,洛朗·科斯切尔尼
4505,John Stones,England,D,1994/5/28,,,,,,,,,6.0,Manchester City,"2017–18, 2018–19, 2020–21, 2021–22, 2022–23, 2023–24",,,,,,,,,,,,255.0,no,Manchester City,Everton;Manchester City,约翰·斯通斯
390,Chris Sutton,England,F,1973/3/10,1997,18.0,,83.0,,,,,,,,,,,,,,,,,1997,18.0,255.0,yes,,Norwich City;Blackburn Rovers;Chelsea;Birmingham City;Aston Villa,克里斯·萨顿
4481,Olivier Giroud,France,F,1986/9/30,,,,90.0,,,,,,,,,,,,,,,,,,,255.0,yes,,Arsenal;Chelsea,奥利维耶·吉鲁
2662,Didier Drogba,Cote D’Ivoire,F,1978/3/11,"2006, 2009","20.0, 29.0",,104.0,,,,,4.0,Chelsea,"2004–05, 2005–06, 2009–10, 2014–15",Chelsea,254.0,no,,0.0,no,,0.0,no,"2006, 2009","20.0, 29.0",254.0,yes,,Chelsea,迪迪埃·德罗巴
5272,Pierre-Emile Højbjerg,Denmark,M,1995/8/5,,,,,,,,,,,,,,,,,,,,,,,254.0,yes,,Southampton;Tottenham Hotspur,皮埃尔-埃米尔·霍伊别尔
3512,Adam Smith,England,D,1991/4/29,,,,,,,,,,,,Bournemouth,253.0,no,,0.0,no,,0.0,no,,,254.0,no,AFC Bournemouth,Bournemouth,亚当·史密斯
20559,Alisson Becker,Brazil,G,1992/10/2,,,"20.0, 21.0",,106.0,,,,,,,Liverpool,254.0,no,,0.0,no,,0.0,no,,,254.0,no,Liverpool FC,Liverpool,阿利松·贝克尔
12582,Idrissa Gueye,Senegal,M,1989/9/26,,,,,,,,,,,,Everton,219.0,no,,0.0,no,,0.0,no,,,254.0,no,Everton FC,Everton,伊德里萨·盖耶
154,Richard Shaw,England,D,1968/9/11,,,,,,,,,,,,,,,,,,,,,,,253.0,yes,,Crystal Palace;Coventry City,理查德·肖
2553,Yakubu,Nigeria,F,1982/11/22,,,,95.0,,,,,,,,,,,,,,,,,,,252.0,yes,,Coventry City,雅库布
1429,Jonathan Greening,England,M,1979/1/2,,,,,,,,,,,,,,,,,,,,,,,252.0,yes,,Manchester United;Middlesbrough;West Bromwich Albion;Fulham,乔纳森·格里宁
2603,Bobby Zamora,England,F,1981/1/16,,,,,,,,,,,,,,,,,,,,,,,252.0,yes,,Brighton & Hove Albion,鲍比·扎莫拉
5758,Lucas Digne,France,D,1993/7/20,,,,,,,,,,,,,,,,,,,,,,,252.0,no,Aston Villa,Aston Villa;Everton,卢卡斯·迪涅
2041,Ricardo Gardner,Jamaica,M,1978/9/25,,,,,,,,,,,,Bolton Wanderers,251.0,no,,0.0,no,,0.0,no,,,251.0,yes,,Bolton Wanderers,里卡多·加德纳
1337,David Dunn,England,M,1979/12/27,,,,,,,,,,,,Blackburn Rovers,204.0,no,,0.0,no,,0.0,no,,,251.0,yes,,Blackburn Rovers,大卫·邓恩
848,Lee Hendrie,England,M,1977/5/18,,,,,,,,,,,,Aston Villa,251.0,no,,0.0,no,,0.0,no,,,251.0,yes,,Aston Villa,李·亨德利
3861,Nemanja Matic,Serbia,M,1988/8/1,,,,,,,,,,,,,,,,,,,,,,,251.0,yes,,Chelsea;Manchester United,内马尼亚·马蒂奇
4499,Nathan Aké,Netherlands,D,1995/2/18,,,,,,,,,4.0,Manchester City,"2020–21, 2021–22, 2022–23, 2023–24",,,,,,,,,,,,251.0,no,Manchester City,Manchester City;Bournemouth,内森·阿克
958,Matt Oakley,England,M,1977/8/17,,,,,,,,,,,,Southampton,232.0,no,,0.0,no,,0.0,no,,,251.0,yes,,Southampton,马特·奥克利
304,Niall Quinn,Ireland,F,1966/10/6,,,,,,,,,,,,,,,,,,,,,,,250.0,yes,,Coventry City;Arsenal;Manchester City;Sunderland,尼尔·奎因
3102,John Obi Mikel,Nigeria,M,1987/4/22,,,,,,,,,,,,Chelsea,249.0,no,,0.0,no,,0.0,no,,,249.0,yes,,Stoke City;Chelsea,约翰·奥比·米克尔
4985,Bernd Leno,Germany,G,1992/3/4,,,,,,,,,,,,,,,,,,,,,,,249.0,no,Fulham FC,Fulham;Arsenal,伯恩德·莱诺
3175,Andy Carroll,England,F,1989/1/6,,,,,,,,,,,,,,,,,,,,,,,248.0,yes,,Newcastle United;Liverpool;West Ham United,安迪·卡罗尔
670,Muzzy Izzet,Turkiye,M,1974/10/31,,,,,,,,,,,,Leicester City,222.0,no,,0.0,no,,0.0,no,,,248.0,yes,,Leicester City,穆齐·伊泽特
3137,Lucas Leiva,Brazil,M,1987/1/9,,,,,,,,,,,,Liverpool,247.0,no,,0.0,no,,0.0,no,,,247.0,yes,,Liverpool,卢卡斯·莱瓦
847,Ian Taylor,England,M,1968/6/4,,,,,,,,,,,,Aston Villa,234.0,no,,0.0,no,,0.0,no,,,247.0,yes,,Derby County;Aston Villa,伊恩·泰勒
583,Neil Sullivan,Scotland,G,1970/2/24,,,,,,,,,,,,,,,,,,,,,,,247.0,yes,,Wimbledon;Tottenham Hotspur;Chelsea;Leeds United,尼尔·沙利文
5175,Kurt Zouma,France,D,1994/10/27,,,,,,,,,,,,,,,,,,,,,,,247.0,yes,,Chelsea;Stoke City;Everton;West Ham United,库尔特·祖马
24797,Dwight McNeil,England,F,1999/11/22,,,,,,,,,,,,,,,,,,,,,,,247.0,no,Everton FC,Everton;Burnley,德怀特·麦克尼尔
10079,Nick Pope,England,G,1992/4/19,,,,,82.0,,,,,,,,,,,,,,,,,,246.0,no,Newcastle United,Newcastle United;Burnley,尼克·波普
2434,Brett Emerton,Australia,M,1979/2/22,,,,,,,,,,,,Blackburn Rovers,247.0,no,,0.0,no,,0.0,no,,,246.0,yes,,Blackburn Rovers,布雷特·埃默顿
2928,Stephen Ireland,Ireland,M,1986/8/22,,,,,,,,,,,,,,,,,,,,,,,245.0,yes,,Manchester City;Aston Villa;Newcastle United;Stoke City,斯蒂芬·爱尔兰
4503,Eden Hazard,Belgium,F,1991/1/7,,,,85.0,,,2014,Chelsea,,,,Chelsea,245.0,no,,0.0,no,,0.0,no,,,245.0,yes,,Chelsea,埃登·阿扎尔
4179,Simon Mignolet,Belgium,G,1988/3/6,,,,,81.0,,,,,,,,,,,,,,,,,,245.0,no,Club Brugge KV,Sunderland;Liverpool,西蒙·米尼奥莱
22542,Pascal Groß,Germany,M,1991/6/15,,,,,,,,,,,,Brighton & Hove Albion,245.0,yes,,0.0,no,,0.0,no,,,245.0,no,Brighton & Hove Albion,Brighton & Hove Albion,帕斯卡尔·格罗斯
1565,Jonathan Woodgate,England,D,1980/1/22,,,,,,,,,,,,,,,,,,,,,,,244.0,yes,,Middlesbrough,乔纳森·伍德盖特
598,Robbie Earle,Jamaica,M,1965/1/27,,,,,,,,,,,,,,,,,,,,,,,244.0,yes,,Wimbledon,罗比·厄尔
4123,Mousa Dembélé,Belgium,M,1987/7/16,,,,,,,,,,,,Tottenham Hotspur,181.0,no,,0.0,no,,0.0,no,,,243.0,yes,,Tottenham Hotspur,穆萨·登贝莱
523,Francis Benali,England,D,1968/12/30,,,,,,,,,,,,Southampton,243.0,no,,0.0,no,,0.0,no,,,243.0,yes,,Southampton,弗朗西斯·贝纳利
1335,Stéphane Henchoz,Switzerland,D,1974/9/7,,,,,,,,,,,,,,,,,,,,,,,243.0,yes,,Blackburn Rovers;Liverpool;Wigan Athletic,斯特凡·亨乔兹
245,Noel Whelan,England,F,1974/12/30,,,,,,,,,,,,,,,,,,,,,,,243.0,yes,,Leeds United;Coventry City;Middlesbrough,诺尔·惠兰
2289,El Hadji Diouf,Senegal,M,1981/1/15,,,,,,,,,,,,,,,,,,,,,,,242.0,yes,,Leeds United,埃尔哈吉·迪乌夫
3448,Tom Cleverley,England,M,1989/8/12,,,,,,,,,,,,,,,,,,,,,,,242.0,yes,,Watford,汤姆·克莱弗利
3404,Martin Skrtel,Slovakia,D,1984/12/15,,,,,,,,,,,,Liverpool,242.0,no,,0.0,no,,0.0,no,,,242.0,no,TJ SPP Velke Bierovce-Opatovce,Liverpool,马丁·斯科特尔
19680,Gabriel Jesus,Brazil,F,1997/4/3,,,,,,,,,4.0,Manchester City,"2017–18, 2018–19, 2020–21, 2021–22",,,,,,,,,,,,242.0,no,Arsenal FC,Arsenal;Manchester City,加布里埃尔·热苏斯
2991,Tom Huddlestone,England,M,1986/12/28,,,,,,,,,,,,,,,,,,,,,,,242.0,yes,,Hull City,汤姆·赫德尔斯通
5865,Youri Tielemans,Belgium,M,1997/5/7,,,,,,,,,,,,,,,,,,,,,,,242.0,no,Aston Villa,Aston Villa;Leicester City,尤里·蒂勒曼斯
3807,Scott Dann,England,D,1987/2/14,,,,,,,,,,,,,,,,,,,,,,,241.0,yes,,Reading,斯科特·丹恩
2845,Emmanuel Adebayor,Togo,F,1984/2/26,,,,97.0,,,,,,,,,,,,,,,,,,,241.0,yes,,Arsenal;Manchester City;Tottenham Hotspur;Crystal Palace,埃马纽埃尔·阿德巴约
4403,Ashley Williams,Wales,D,1984/8/23,,,,,,,,,,,,Swansea City,181.0,no,,0.0,no,,0.0,no,,,241.0,yes,,Swansea City,阿什利·威廉姆斯
1497,Freddie Ljungberg,Sweden,M,1977/4/16,,,,,,,2001,Arsenal,,,,Arsenal,216.0,no,,0.0,no,,0.0,no,,,241.0,yes,,Arsenal;West Ham United,弗雷迪·永贝里
79,Stuart Ripley,England,M,1967/11/20,,,,,,,,,,,,Blackburn Rovers,187.0,no,,0.0,no,,0.0,no,,,240.0,yes,,Blackburn Rovers,斯图尔特·里普利
8245,Danny Ings,England,F,1992/7/23,,,,,,,,,,,,,,,,,,,,,,,240.0,yes,,Sheffield United,丹尼·英斯
1909,Mark Viduka,Australia,F,1975/10/9,,,,92.0,,,,,,,,,,,,,,,,,,,240.0,yes,,Leeds United;Middlesbrough;Newcastle United,马克·维杜卡
1505,Jlloyd Samuel,Trinidad & Tobago,D,1981/3/29,,,,,,,,,,,,,,,,,,,,,,,240.0,yes,,Bolton Wanderers,J罗伊德·塞缪尔
4286,Oriol Romeu,Spain,M,1991/9/24,,,,,,,,,,,,Southampton,217.0,no,,0.0,no,,0.0,no,,,239.0,no,Southampton FC,Southampton,奥里奥尔·罗梅乌
3982,Mohamed Diamé,Senegal,M,1987/6/14,,,,,,,,,,,,,,,,,,,,,,,239.0,yes,,Wigan Athletic;West Ham United;Hull City;Newcastle United,穆罕默德·迪亚梅
329,Keith Gillespie,Northern Ireland,M,1975/2/18,,,,,,,,,,,,,,,,,,,,,,,238.0,yes,,Manchester United;Newcastle United;Blackburn Rovers;Leicester City;Sheffield United,基思·吉莱斯皮
3394,Brede Hangeland,Norway,D,1981/6/20,,,,,,,,,,,,Fulham,217.0,no,,0.0,no,,0.0,no,,,238.0,yes,,Fulham,布雷德·汉格兰
96,Ian Pearce,England,D,1974/5/7,,,,,,,,,,,,,,,,,,,,,,,238.0,yes,,Chelsea;Blackburn Rovers;West Ham United;Fulham,伊恩·皮尔斯
20486,Leandro Trossard,Belgium,F,1994/12/4,,,,,,,,,,,,,,,,,,,,,,,238.0,no,Arsenal FC,Arsenal;Brighton & Hove Albion,利安德罗·特罗萨德
1045,Ian Harte,Ireland,D,1977/8/31,,,,,,,,,,,,Leeds United,213.0,no,,0.0,no,,0.0,no,,,237.0,yes,,Bournemouth;Leeds United,伊恩·哈特
755,Simon Charlton,England,D,1971/10/25,,,,,,,,,,,,,,,,,,,,,,,236.0,yes,,Southampton;Birmingham City;Norwich City,西蒙·查尔顿
2072,Steve Finnan,Ireland,D,1976/4/20,,,,,,,,,,,,,,,,,,,,,,,236.0,yes,,Portsmouth,史蒂夫·芬南
2522,Cristiano Ronaldo,Portugal,F,1985/2/5,2007,31.0,,103.0,,Premier League 20 Seasons Awards,"2006, 2007",Manchester United,3.0,Manchester United,"2006–07, 2007–08, 2008–09",Manchester United,236.0,no,,0.0,no,,0.0,no,2007,31.0,236.0,no,Al-Nassr FC,Manchester United,克里斯蒂亚诺·罗纳尔多
8868,Jarrod Bowen,England,F,1996/12/20,,,,,,,,,,,,West Ham United,229.0,yes,,0.0,no,,0.0,no,,,236.0,no,West Ham United,West Ham United,贾罗德·鲍文
1253,Michael Gray,England,D,1974/8/3,,,,,,,,,,,,,,,,,,,,,,,235.0,yes,,Sheffield Wednesday,迈克尔·格雷
14716,Harvey Barnes,England,M,1997/12/9,,,,,,,,,,,,,,,,,,,,,,,235.0,no,Newcastle United,Newcastle United;Leicester City,哈维·巴恩斯
1558,David Weir,Scotland,D,1970/5/10,,,,,,,,,,,,Everton,235.0,no,,0.0,no,,0.0,no,,,235.0,yes,,Everton,大卫·威尔
4252,Alex Oxlade-Chamberlain,England,M,1993/8/15,,,,,,,,,,,,,,,,,,,,,,,235.0,yes,,Arsenal;Liverpool,亚历克斯·张伯伦
293,Steve Lomas,Northern Ireland,M,1974/1/18,,,,,,,,,,,,,,,,,,,,,,,235.0,yes,,Manchester City;West Ham United,史蒂夫·洛马斯
1217,Ole Gunnar Solskjaer,Norway,F,1973/2/26,,,,91.0,,,,,6.0,Manchester United,"1996–97, 1998–99, 1999–2000, 2000–01, 2002–03, 2006–07",Manchester United,235.0,no,,0.0,no,,0.0,no,,,235.0,yes,,Manchester United,奥勒·居纳尔·索尔斯克亚
8707,Dan Burn,England,D,1992/5/9,,,,,,,,,,,,,,,,,,,,,,,234.0,no,Newcastle United,Newcastle United;Brighton & Hove Albion,丹·伯恩
2980,Dean Whitehead,England,M,1982/1/12,,,,,,,,,,,,,,,,,,,,,,,234.0,yes,,Huddersfield Town,迪恩·怀特黑德
2024,Tugay,Turkiye,M,1970/8/24,,,,,,,,,,,,Blackburn Rovers,233.0,no,,0.0,no,,0.0,no,,,233.0,yes,,Blackburn Rovers,图盖
2047,Jonathan Walters,Ireland,F,1983/9/20,,,,,,,,,,,,Stoke City,226.0,no,,0.0,no,,0.0,no,,,233.0,yes,,Burnley;Stoke City,乔纳森·沃尔特斯
2012,Olof Mellberg,Sweden,D,1977/9/3,,,,,,,,,,,,Aston Villa,232.0,no,,0.0,no,,0.0,no,,,232.0,yes,,Aston Villa,奥洛夫·梅尔伯格
14164,Aaron Wan-Bissaka,DR Congo,D,1997/11/26,,,,,,,,,,,,,,,,,,,,,,,232.0,yes,,West Ham United,阿隆·万-比萨卡
4666,Jan Vertonghen,Belgium,D,1987/4/24,,,,,,,,,,,,Tottenham Hotspur,232.0,no,,0.0,no,,0.0,no,,,232.0,yes,,Tottenham Hotspur,扬·维尔通亨
4487,Matthew Lowton,England,D,1989/6/9,,,,,,,,,,,,,,,,,,,,,,,231.0,no,Precision FC,Aston Villa;Burnley,马修·洛顿
128,Phil Babb,Ireland,D,1970/11/30,,,,,,,,,,,,,,,,,,,,,,,231.0,yes,,Coventry City;Liverpool;Sunderland,菲尔·巴布
448,Darren Peacock,England,D,1968/2/3,,,,,,,,,,,,,,,,,,,,,,,231.0,yes,,Queens Park Rangers;Newcastle United;Blackburn Rovers,达伦·皮考克
1495,Jermaine Pennant,England,M,1983/1/15,,,,,,,,,,,,,,,,,,,,,,,231.0,yes,,Arsenal;Watford;Leeds United;Birmingham City;Portsmouth;Liverpool;Stoke City,杰梅因·彭南特
51423,John McGinn,Scotland,M,1994/10/18,,,,,,,,,,,,Aston Villa,231.0,yes,,0.0,no,,0.0,no,,,231.0,no,Aston Villa,Aston Villa,约翰·麦金
11071,Raúl Jiménez,Mexico,F,1991/5/5,,,,,,,,,,,,,,,,,,,,,,,231.0,no,Fulham FC,Fulham,劳尔·希门尼斯
4148,Yaya Touré,Cote D’Ivoire,M,1983/5/13,,,,,,,,,3.0,Manchester City,"2011–12, 2013–14, 2017–18",Manchester City,230.0,no,,0.0,no,,0.0,no,,,230.0,yes,,Manchester City,亚亚·图雷
13274,Ezri Konsa,England,D,1997/10/23,,,,,,,,,,,,Aston Villa,230.0,yes,,0.0,no,,0.0,no,,,230.0,no,Aston Villa,Aston Villa,埃兹里·孔萨
3247,Dimitar Berbatov,Bulgaria,F,1981/1/30,2010,20.0,,94.0,,,,,,,,,,,,,,,,,2010,20.0,,yes,,Tottenham Hotspur;Manchester United;Fulham,迪米塔尔·贝尔巴托夫
1151,Gianfranco Zola,Italy,F,1966/7/5,,,,,,,,,,,,Chelsea,229.0,no,,0.0,no,,0.0,no,,,,yes,,Chelsea,詹弗兰科·佐拉
2239,Joseph Yobo,Nigeria,D,1980/9/6,,,,,,,,,,,,Everton,220.0,no,,0.0,no,,0.0,no,,,,yes,,Everton,约瑟夫·约博
13492,N'Golo Kanté,France,M,1991/3/29,,,,,,,2016,Chelsea,,,,Chelsea,190.0,no,,0.0,no,,0.0,no,,,,no,Fenerbahce,Leicester City;Chelsea,恩戈洛·坎特
2705,Tim Cahill,Australia,F,1979/12/6,,,,,,,,,,,,Everton,226.0,no,,0.0,no,,0.0,no,,,,yes,,Everton,蒂姆·卡希尔
1740,Kieron Dyer,England,M,1978/12/29,,,,,,,,,,,,Newcastle United,190.0,no,,0.0,no,,0.0,no,,,,yes,,Queens Park Rangers;Newcastle United,基伦·戴尔
23396,Bruno Fernandes,Portugal,M,1994/9/8,,,,,,,,,,,,Manchester United,228.0,yes,,0.0,no,,0.0,no,,,,no,Manchester United,Manchester United,布鲁诺·费尔南德斯
4245,Emiliano Martínez,Argentina,G,1992/9/2,,,,,,,,,,,,Aston Villa,212.0,yes,,0.0,no,,0.0,no,,,,no,Aston Villa,Aston Villa,埃米利亚诺·马丁内斯
25183,Tomás Soucek,Czech Republic,M,1995/2/27,,,,,,,,,,,,West Ham United,227.0,yes,,0.0,no,,0.0,no,,,,no,West Ham United,West Ham United,托马什·绍切克
174,Dave Watson,England,D,1961/11/20,,,,,,,,,,,,Everton,223.0,no,,0.0,no,,0.0,no,,,,yes,,Everton,戴夫·沃森
49481,Bukayo Saka,England,F,2001/9/5,,,,,,,,,,,,Arsenal,225.0,no,,0.0,no,,0.0,no,,,,no,Arsenal FC,Arsenal,布卡约·萨卡
5101,Ilkay Gündogan,Germany,M,1990/10/24,,,,,,,,,5.0,Manchester City,"2017–18, 2018–19, 2020–21, 2021–22, 2022–23",Manchester City,221.0,no,,0.0,no,,0.0,no,,,,no,Galatasaray,Manchester City,伊尔凯·京多安
20479,Wilfred Ndidi,Nigeria,M,1996/12/16,,,,,,,,,,,,Leicester City,220.0,no,,0.0,no,,0.0,no,,,,no,Besiktas JK,Leicester City,威尔弗雷德·恩迪迪
14805,Phil Foden,England,M,2000/5/28,,,,,,,2023,Manchester City,6.0,Manchester City,"2017–18, 2018–19, 2020–21, 2021–22, 2022–23, 2023–24",Manchester City,222.0,yes,,0.0,no,,0.0,no,,,,no,Manchester City,Manchester City,菲尔·福登
3121,Clint Dempsey,United States,F,1983/3/9,,,,,,,,,,,,Fulham,189.0,no,,0.0,no,,0.0,no,,,,yes,,Fulham,克林特·登普西
75,Colin Hendry,Scotland,D,1965/12/7,,,,,,,,,,,,Blackburn Rovers,203.0,no,,0.0,no,,0.0,no,,,,yes,,Blackburn Rovers,科林·亨德里
8658,Ollie Watkins,England,F,1995/12/30,,,,84.0,,,,,,,,Aston Villa,219.0,yes,,0.0,no,,0.0,no,,,,no,Aston Villa,Aston Villa,奥利·沃特金斯
3388,Steven Pienaar,South Africa,M,1982/3/17,,,,,,,,,,,,Everton,189.0,no,,0.0,no,,0.0,no,,,,yes,,Sunderland;Everton,史蒂文·皮纳尔
29,Ian Wright,England,F,1963/11/3,,,,113.0,,,,,,,,Arsenal,191.0,no,,0.0,no,,0.0,no,,,,yes,,Arsenal;West Ham United,伊恩·赖特
9662,Jacob Murphy,England,M,1995/2/24,,,,,,,,,,,,Newcastle United,216.0,yes,,0.0,no,,0.0,no,,,,no,Newcastle United,Sheffield Wednesday;Newcastle United,雅各布·墨菲
3420,Fernando Torres,Spain,F,1984/3/20,,,,85.0,,,,,,,,,,,,,,,,,,,,yes,,Liverpool;Chelsea,费尔南多·托雷斯
3680,Fabricio Coloccini,Argentina,D,1982/1/22,,,,,,,,,,,,Newcastle United,211.0,no,,0.0,no,,0.0,no,,,,yes,,Newcastle United,法布里西奥·科洛奇尼
1866,Eidur Gudjohnsen,Iceland,F,1978/9/15,,,,,,,,,,,,Chelsea,186.0,no,,0.0,no,,0.0,no,,,,yes,,Chelsea,埃杜尔·古德约翰森
1455,Paul Jones,Wales,G,1967/4/18,,,,,,,,,,,,Southampton,191.0,no,,0.0,no,,0.0,no,,,,yes,,Southampton,保罗·琼斯
5220,Fabian Schär,Switzerland,D,1991/12/20,,,,,,,,,,,,Newcastle United,211.0,yes,,0.0,no,,0.0,no,,,,no,Newcastle United,Newcastle United,法比安·舍尔
2935,Nemanja Vidic,Serbia,D,1981/10/21,,,,,,Premier League 20 Seasons Awards,"2008, 2010",Manchester United,5.0,Manchester United,"2006–07, 2007–08, 2008–09, 2010–11, 2012–13",Manchester United,211.0,no,,0.0,no,,0.0,no,,,,yes,,Manchester United,内马尼亚·维迪奇
20607,Joelinton,Brazil,M,1996/8/14,,,,,,,,,,,,Newcastle United,212.0,yes,,0.0,no,,0.0,no,,,,no,Newcastle United,Newcastle United,乔林顿
4260,Jack Grealish,England,M,1995/9/10,,,,,,,,,3.0,Manchester City,"2021–22, 2022–23, 2023–24",,,,,,,,,,,,,yes,,Everton;Manchester City,杰克·格雷利什
3135,Dirk Kuijt,Netherlands,M,1980/7/22,,,,,,,,,,,,Liverpool,208.0,no,,0.0,no,,0.0,no,,,,yes,,Liverpool,迪尔克·库伊特
172,Neville Southall,Wales,G,1958/9/16,,,,,,,,,,,,Everton,207.0,no,,0.0,no,,0.0,no,,,,yes,,Everton,内维尔·索萨尔
495,Kevin Pressman,England,G,1967/11/6,,,,,,,,,,,,Sheffield Wednesday,207.0,no,,0.0,no,,0.0,no,,,,yes,,Coventry City;Sheffield Wednesday,凯文·普雷斯曼
8246,Ashley Barnes,England,F,1989/10/30,,,,,,,,,,,,Burnley,206.0,no,,0.0,no,,0.0,no,,,,no,Burnley FC,Burnley,阿什利·巴恩斯
32,Mark Bosnich,Australia,G,1972/1/13,,,,,81.0,,,,,,,Aston Villa,180.0,no,,0.0,no,,0.0,no,,,,yes,,Aston Villa,马克·博斯尼奇
785,Steve Potts,England,D,1967/5/7,,,,,,,,,,,,West Ham United,202.0,no,,0.0,no,,0.0,no,,,,yes,,West Ham United,史蒂夫·波茨
4437,Gareth McAuley,Northern Ireland,D,1979/12/5,,,,,,,,,,,,West Bromwich Albion,203.0,no,,0.0,no,,0.0,no,,,,yes,,West Bromwich Albion,加雷斯·麦考利
363,Robbie Mustoe,England,M,1968/8/28,,,,,,,,,,,,Middlesbrough,197.0,no,,0.0,no,,0.0,no,,,,yes,,Middlesbrough,罗比·马斯托
5514,Angelo Ogbonna,Italy,D,1988/5/23,,,,,,,,,,,,West Ham United,201.0,no,,0.0,no,,0.0,no,,,,no,,Watford;West Ham United,安杰洛·奥邦纳
3734,Jonas Olsson,Sweden,D,1983/3/10,,,,,,,,,,,,West Bromwich Albion,201.0,no,,0.0,no,,0.0,no,,,,yes,,Wigan Athletic;West Bromwich Albion,乔纳斯·奥尔松
3281,Carlos Tevez,Argentina,F,1984/2/5,2010,20.0,,84.0,,,,,3.0,"Manchester United (2), Manchester City (1)","2007–08, 2008–09, 2011–12",,,,,,,,,,2010,20.0,,yes,,West Ham United;Manchester United;Manchester City,卡洛斯·特维斯
24334,Tyrick Mitchell,England,D,1999/9/1,,,,,,,,,,,,Crystal Palace,204.0,yes,,0.0,no,,0.0,no,,,,no,Crystal Palace,Crystal Palace,泰里克·米切尔
1196,Matt Elliott,Scotland,D,1968/11/1,,,,,,,,,,,,Leicester City,199.0,no,,0.0,no,,0.0,no,,,,yes,,Leicester City,马特·埃利奥特
522,Kenneth Monkou,Netherlands,D,1964/11/29,,,,,,,,,,,,Southampton,198.0,no,,0.0,no,,0.0,no,,,,yes,,Southampton,肯尼思·蒙库
1835,Robert Pirès,France,M,1973/10/29,,,,,,,,,,,,Arsenal,189.0,no,,0.0,no,,0.0,no,,,,yes,,Arsenal,罗伯特·皮雷
886,Lucas Radebe,South Africa,D,1969/4/12,,,,,,,,,,,,Leeds United,197.0,no,,0.0,no,,0.0,no,,,,yes,,Leeds United,卢卡斯·拉德贝
9167,Dele Alli,England,M,1996/4/11,,,,,,,,,,,,Tottenham Hotspur,181.0,no,,0.0,no,,0.0,no,,,,no,,Tottenham Hotspur,德勒·阿里
16286,Rodri,Spain,M,1996/6/22,,,,,,,,,4.0,Manchester City,"2020–21, 2021–22, 2022–23, 2023–24",Manchester City,195.0,yes,,0.0,no,,0.0,no,,,,no,Manchester City,Manchester City,罗德里
2323,Steven Taylor,England,D,1986/1/23,,,,,,,,,,,,Newcastle United,194.0,no,,0.0,no,,0.0,no,,,,yes,,Newcastle United,史蒂文·泰勒
24626,Douglas Luiz,Brazil,M,1998/5/9,,,,,,,,,,,,Aston Villa,186.0,yes,,0.0,no,,0.0,no,,,,no,Aston Villa,Aston Villa,道格拉斯·路易斯
8171,Solly March,England,M,1994/7/20,,,,,,,,,,,,Brighton & Hove Albion,192.0,yes,,0.0,no,,0.0,no,,,,no,Brighton & Hove Albion,Brighton & Hove Albion,索利·马奇
122,Steve Ogrizovic,England,G,1957/9/12,,,,,,,,,,,,Coventry City,191.0,no,,0.0,no,,0.0,no,,,,yes,,Coventry City,史蒂夫·奥格里佐维奇
10766,Lewis Cook,England,M,1997/2/3,,,,,,,,,,,,Bournemouth,188.0,no,,0.0,no,,0.0,no,,,,no,AFC Bournemouth,Bournemouth,刘易斯·库克
66104,Gabriel Martinelli,Brazil,F,2001/6/18,,,,,,,,,,,,Arsenal,189.0,no,,0.0,no,,0.0,no,,,,no,Arsenal FC,Arsenal,加布里埃尔·马丁内利
4472,Nacho Monreal,Spain,D,1986/2/26,,,,,,,,,,,,Arsenal,187.0,no,,0.0,no,,0.0,no,,,,yes,,Arsenal,纳乔·蒙雷亚尔
54312,Miguel Almirón,Paraguay,M,1994/2/10,,,,,,,,,,,,Newcastle United,186.0,no,,0.0,no,,0.0,no,,,,no,Atlanta United FC,Newcastle United,米格尔·阿尔米隆
50234,Gabriel Magalhães,Brazil,D,1997/12/19,,,,,,,,,,,,Arsenal,190.0,no,,0.0,no,,0.0,no,,,,no,Arsenal FC,Arsenal,加布里埃尔·马加利亚埃斯
3063,Stiliyan Petrov,Bulgaria,M,1979/7/5,,,,,,,,,,,,Aston Villa,185.0,no,,0.0,no,,0.0,no,,,,yes,,Aston Villa,斯蒂利扬·彼得罗夫
19589,Jan Bednarek,Poland,D,1996/4/12,,,,,,,,,,,,Southampton,181.0,no,,0.0,no,,0.0,no,,,,no,FC Porto,Southampton,扬·贝德纳雷克
5859,Luka Milivojevic,Serbia,M,1991/4/7,,,,,,,,,,,,Crystal Palace,183.0,no,,0.0,no,,0.0,no,,,,no,Al-Nasr SC (UAE),Crystal Palace,卢卡·米利沃耶维奇
13344,Matty Cash,Poland,D,1997/8/7,,,,,,,,,,,,Aston Villa,181.0,yes,,0.0,no,,0.0,no,,,,no,Aston Villa,Aston Villa,马蒂·卡什
328,Lee Sharpe,England,M,1971/5/27,,,,,,,,,3.0,Manchester United,"1992–93, 1993–94, 1995–96",,,,,,,,,,,,,yes,,Manchester United,李·夏普
16431,Rúben Dias,Portugal,D,1997/5/14,,,,,,,2020,Manchester City,4.0,Manchester City,"2020–21, 2021–22, 2022–23, 2023–24",,,,,,,,,,,,,no,Manchester City,Manchester City,鲁本·迪亚斯
3513,Gareth Bale,Wales,F,1989/7/16,,,,,,,2012,Tottenham Hotspur,,,,,,,,,,,,,,,,yes,,Tottenham Hotspur,加雷斯·贝尔
7975,David Raya,Spain,G,1995/9/15,,,"13.0, 16.0",,,,,,,,,,,,,,,,,,,,,no,Arsenal FC,Brentford;Arsenal,大卫·拉亚
337,Brian McClair,Scotland,F,1963/12/8,,,,,,,,,4.0,Manchester United,"1992–93, 1993–94, 1995–96, 1996–97",,,,,,,,,,,,,yes,,Manchester United,布莱恩·麦克莱尔
1533,Marcel Desailly,France,D,1968/9/7,,,,,,Premier League 10 Seasons Awards,,,,,,,,,,,,,,,,,,yes,,Chelsea,马塞尔·德塞利
342,Eric Cantona,France,F,1966/5/24,,,,,,Premier League 10 Seasons Awards,,,4.0,Manchester United,"1992–93, 1993–94, 1995–96, 1996–97",,,,,,,,,,,,,yes,,Manchester United,埃里克·坎通纳
2940,Park Ji-Sung,South Korea,M,1981/2/25,,,,,,,,,4.0,Manchester United,"2006–07, 2007–08, 2008–09, 2010–11",,,,,,,,,,,,,yes,,Manchester United,朴智星
1210,Ronny Johnsen,Norway,D,1969/6/10,,,,,,,,,3.0,Manchester United,"1996–97, 1998–99, 2000–01",,,,,,,,,,,,,yes,,Manchester United,罗尼·约翰森
2117,Ruud van Nistelrooij,Netherlands,F,1976/7/1,2002,25.0,,95.0,,,2002,Manchester United,,,,,,,,,,,,,2002,25.0,,yes,,Manchester United,鲁德·范尼斯特鲁伊
19620,Oleksandr Zinchenko,Ukraine,D,1996/12/15,,,,,,,,,4.0,Manchester City,"2017–18, 2018–19, 2020–21, 2021–22",,,,,,,,,,,,,no,Ajax,Manchester City;Arsenal,奥列克桑德尔·津琴科
319,Steve Bruce,England,D,1960/12/31,,,,,,,,,3.0,Manchester United,"1992–93, 1993–94, 1995–96",,,,,,,,,,,,,yes,,Birmingham City;Manchester United,史蒂夫·布鲁斯
3447,Nani,Portugal,F,1986/11/17,,,,,,,,,4.0,Manchester United,"2007–08, 2008–09, 2010–11, 2012–13",,,,,,,,,,,,,yes,,Manchester United,纳尼
5110,Pierre-Emerick Aubameyang,Gabon,F,1989/6/18,2018,22.0,,,,,,,,,,,,,,,,,,,2018,22.0,,yes,,Arsenal;Chelsea,皮埃尔-埃默里克·奥巴梅扬
2654,Paulo Ferreira,Portugal,D,1979/1/18,,,,,,,,,3.0,Chelsea,"2004–05, 2005–06, 2009–10",,,,,,,,,,,,,yes,,Chelsea,保罗·费雷拉
2653,Ricardo Carvalho,Portugal,D,1978/5/18,,,,,,,,,3.0,Chelsea,"2004–05, 2005–06, 2009–10",,,,,,,,,,,,,yes,,Chelsea,里卡多·卡瓦略
3543,Wojciech Szczesny,Poland,G,1990/4/18,,,16.0,,,,,,,,,,,,,,,,,,,,,yes,,Arsenal,沃伊切赫·什琴斯尼
65970,Erling Haaland,Norway,F,2000/7/21,"2022, 2023",27.0,,107.0,,,2022,Manchester City,,,,,,,,,,,,,2022,27.0,,no,Manchester City,Manchester City,埃尔林·哈兰德
4911,Thibaut Courtois,Belgium,G,1992/5/11,,,16.0,,,,,,,,,,,,,,,,,,,,,yes,,Chelsea,蒂博·库尔图瓦
1072,Juninho Paulista,Brazil,M,1973/2/22,,,,,,,1996,Middlesbrough,,,,,,,,,,,,,,,,yes,,Middlesbrough,儒尼尼奥·保利斯塔
11044,Aymeric Laporte,Spain,D,1994/5/27,,,,,,,,,5.0,Manchester City,"2017–18, 2018–19, 2020–21, 2021–22, 2022–23",,,,,,,,,,,,,yes,,Manchester City,艾梅里克·拉波尔特
4138,Luis Suárez,Uruguay,F,1987/1/24,2013,31.0,,,,,2013,Liverpool,,,,,,,,,,,,,2013,31.0,,yes,,Liverpool,路易斯·苏亚雷斯
3664,Rafael,Brazil,D,1990/7/9,,,,,,,,,3.0,Manchester United,"2008–09, 2010–11, 2012–13",,,,,,,,,,,,,yes,,Manchester United,拉斐尔
3446,Anderson,Brazil,M,1988/4/13,,,,,,,,,4.0,Manchester United,"2007–08, 2008–09, 2010–11, 2012–13",,,,,,,,,,,,,yes,,Manchester United,安德森
5051,João Cancelo,Portugal,D,1994/5/27,,,,,,,,,3.0,Manchester City,"2020–21, 2021–22, 2022–23",,,,,,,,,,,,,yes,,Manchester City,若昂·坎塞洛
16723,Matz Sels,Belgium,G,1992/2/26,,,13.0,,,,,,,,,,,,,,,,,,,,,no,Nottingham Forest,Newcastle United;Nottingham Forest,马茨·塞尔斯
1580,Jaap Stam,Netherlands,D,1972/7/17,,,,,,,,,3.0,Manchester United,"1998–99, 1999–2000, 2000–01",,,,,,,,,,,,,yes,,Manchester United,雅普·斯塔姆
2818,Tomasz Kuszczak,Poland,G,1982/3/20,,,,,,,,,3.0,Manchester United,"2006–07, 2007–08, 2010–11",,,,,,,,,,,,,yes,,Birmingham City;Manchester United,托马什·库什恰克
5575,Benjamin Mendy,France,D,1994/7/17,,,,,,,,,3.0,Manchester City,"2017–18, 2018–19, 2020–21",,,,,,,,,,,,,yes,,Manchester City,本杰明·门迪
48285,Aaron Ramsey,England,M,2003/1/21,,,,,,,,,,,,Arsenal,262.0,no,,0.0,no,,0.0,no,,,,yes,,,
